-- phpMyAdmin SQL Dump
-- version 5.0.4
-- https://www.phpmyadmin.net/
--
-- Host: 127.0.0.1
-- Generation Time: Nov 21, 2024 at 01:03 PM
-- Server version: 10.4.17-MariaDB
-- PHP Version: 8.0.2

SET SQL_MODE = "NO_AUTO_VALUE_ON_ZERO";
START TRANSACTION;
SET time_zone = "+00:00";


/*!40101 SET @OLD_CHARACTER_SET_CLIENT=@@CHARACTER_SET_CLIENT */;
/*!40101 SET @OLD_CHARACTER_SET_RESULTS=@@CHARACTER_SET_RESULTS */;
/*!40101 SET @OLD_COLLATION_CONNECTION=@@COLLATION_CONNECTION */;
/*!40101 SET NAMES utf8mb4 */;

--
-- Database: `nordwind`
--

-- --------------------------------------------------------

--
-- Table structure for table `artikel`
--

CREATE TABLE `artikel` (
  `ArtikelID` int(11) NOT NULL,
  `Artikelname` varchar(40) DEFAULT NULL,
  `LieferantenNr` int(11) DEFAULT NULL,
  `Liefereinheit` varchar(25) DEFAULT NULL,
  `Einzelpreis` decimal(19,4) DEFAULT NULL,
  `Lagerbestand` int(11) DEFAULT NULL,
  `Mindestbestand` int(11) DEFAULT NULL,
  `Auslaufartikel` tinyint(1) DEFAULT 0,
  `KategorieNr` int(11) DEFAULT NULL
) ENGINE=InnoDB DEFAULT CHARSET=utf8;

--
-- Dumping data for table `artikel`
--

INSERT INTO `artikel` (`ArtikelID`, `Artikelname`, `LieferantenNr`, `Liefereinheit`, `Einzelpreis`, `Lagerbestand`, `Mindestbestand`, `Auslaufartikel`, `KategorieNr`) VALUES
(1, 'Chai', 1, '10 Kartons x 20 Beutel', '18.0000', 39, 10, 0, 1),
(2, 'Chang', 1, '24 x 12-oz-Flaschen', '19.0000', 17, 25, 0, 1),
(3, 'Aniseed Syrup', 1, '12 x 550-ml-Flaschen', '10.0000', 13, 25, 0, 2),
(4, 'Chef Anton\'s Cajun Seasoning', 2, '48 x 6-oz-Gläser', '22.0000', 53, 0, 0, 2),
(5, 'Chef Anton\'s Gumbo Mix', 2, '36 Kartons', '21.3500', 0, 0, 1, 2),
(6, 'Grandma\'s Boysenberry Spread', 3, '12 x 8-oz-Gläser', '25.0000', 120, 25, 0, 2),
(7, 'Uncle Bob\'s Organic Dried Pears', 3, '12 x 1-lb-Packungen', '30.0000', 15, 10, 0, 7),
(8, 'Northwoods Cranberry Sauce', 3, '12 x 12-oz-Gläser', '40.0000', 6, 0, 0, 2),
(9, 'Mishi Kobe Niku', 4, '18 x 500-g-Packungen', '97.0000', 29, 0, 1, 6),
(10, 'Ikura', 4, '12 x 200-ml-Gläser', '31.0000', 31, 0, 0, 8),
(11, 'Queso Cabrales', 5, '1-kg-Paket', '21.0000', 22, 30, 0, 4),
(12, 'Queso Manchego La Pastora', 5, '10 x 500-g-Packungen', '38.0000', 86, 0, 0, 4),
(13, 'Konbu', 6, '2-kg-Karton', '6.0000', 24, 5, 0, 8),
(14, 'Tofu', 6, '40 x 100-g-Packungen', '23.2500', 35, 0, 0, 7),
(15, 'Genen Shouyu', 6, '24 x 250-ml-Flaschen', '15.5000', 39, 5, 0, 2),
(16, 'Pavlova', 7, '32 x 500-g-Kartons', '17.4500', 29, 10, 0, 3),
(17, 'Alice Mutton', 7, '20 x 1-kg-Dosen', '39.0000', 0, 0, 1, 6),
(18, 'Carnarvon Tigers', 7, '16-kg-Paket', '62.5000', 42, 0, 0, 8),
(19, 'Teatime Chocolate Biscuits', 8, '10 Kartons x 12 Stück', '9.2000', 25, 5, 0, 3),
(20, 'Sir Rodney\'s Marmalade', 8, '30 Geschenkkartons', '81.0000', 40, 0, 0, 3),
(21, 'Sir Rodney\'s Scones', 8, '24 Packungen x 4 Stück', '10.0000', 3, 5, 0, 3),
(22, 'Gustaf\'s Knäckebröd', 9, '24 x 500-g-Packungen', '21.0000', 104, 25, 0, 5),
(23, 'Tunnbröd', 9, '12 x 250-g-Packungen', '9.0000', 61, 25, 0, 5),
(24, 'Guaraná Fantástica', 10, '12 x 355-ml-Dosen', '4.5000', 20, 0, 1, 1),
(25, 'NuNuCa Nuß-Nougat-Creme', 11, '20 x 450-g-Gläser', '14.0000', 76, 30, 0, 3),
(26, 'Gumbär Gummibärchen', 11, '100 x 250-g-Beutel', '31.2300', 15, 0, 0, 3),
(27, 'Schoggi Schokolade', 11, '100 x 100-g-Stück', '43.9000', 49, 30, 0, 3),
(28, 'Rössle Sauerkraut', 12, '25 x 825-g-Dosen', '45.6000', 26, 0, 1, 7),
(29, 'Thüringer Rostbratwurst', 12, '50 Beutel x 30 Würstchen', '123.7900', 0, 0, 1, 6),
(30, 'Nord-Ost Matjeshering', 13, '10 x 200-g-Gläser', '25.8900', 10, 15, 0, 8),
(31, 'Gorgonzola Telino', 14, '12 x 100-g-Packungen', '12.5000', 0, 20, 0, 4),
(32, 'Mascarpone Fabioli', 14, '24 x 200-g-Packungen', '32.0000', 9, 25, 0, 4),
(33, 'Geitost', 15, '500-g-Packung', '2.5000', 112, 20, 1, 4),
(34, 'Sasquatch Ale', 16, '24 x 12-oz-Flaschen', '14.0000', 111, 15, 0, 1),
(35, 'Steeleye Stout', 16, '24 x 12-oz-Flaschen', '18.0000', 20, 15, 0, 1),
(36, 'Inlagd Sill', 17, '24 x 250-g -Gläser', '19.0000', 112, 20, 0, 8),
(37, 'Gravad lax', 17, '12 x 500-g-Packungen', '26.0000', 11, 25, 0, 8),
(38, 'Côte de Blaye', 18, '12 x 75-cl-Flaschen', '263.5000', 17, 15, 0, 1),
(39, 'Chartreuse verte', 18, '750-ml-Flasche', '18.0000', 69, 5, 0, 1),
(40, 'Boston Crab Meat', 19, '24 x 4-oz-Dosen', '18.4000', 123, 30, 0, 8),
(41, 'Jack\'s New England Clam Chowder', 19, '12 x 12-oz-Dosen', '9.6500', 85, 10, 0, 8),
(42, 'Singaporean Hokkien Fried Mee', 20, '32 x 1-kg-Packungen', '14.0000', 26, 0, 1, 5),
(43, 'Ipoh Coffee', 20, '16 x 500-g-Dosen', '46.0000', 17, 25, 0, 1),
(44, 'Gula Malacca', 20, '20 x 2-kg-Beutel', '19.4500', 27, 15, 0, 2),
(45, 'Røgede sild', 21, '1-kg-Paket', '9.5000', 5, 15, 0, 8),
(46, 'Spegesild', 21, '4 x 450-g-Gläser', '12.0000', 95, 0, 0, 8),
(47, 'Zaanse koeken', 22, '10 x 4-oz-Kartons', '9.5000', 36, 0, 0, 3),
(48, 'Chocolade', 22, '10 Packungen', '12.7500', 15, 25, 0, 3),
(49, 'Maxilaku', 23, '24 x 50-g-Packungen', '20.0000', 10, 15, 0, 3),
(50, 'Valkoinen suklaa', 23, '12 x 100-g-Riegel', '16.2500', 65, 30, 0, 3),
(51, 'Manjimup Dried Apples', 24, '50 x 300-g-Packungen', '53.0000', 20, 10, 0, 7),
(52, 'Filo Mix', 24, '16 x 2-kg-Kartons', '7.0000', 38, 25, 0, 5),
(53, 'Perth Pasties', 24, '48 Stück', '32.8000', 0, 0, 1, 6),
(54, 'Tourtière', 25, '16 Pasteten', '7.4500', 21, 10, 0, 6),
(55, 'Pâté chinois', 25, '24 Kartons x 2 Pasteten', '24.0000', 115, 20, 0, 6),
(56, 'Gnocchi di nonna Alice', 26, '24 x 250-g-Packungen', '38.0000', 21, 30, 0, 5),
(57, 'Ravioli Angelo', 26, '24 x 250-g-Packungen', '19.5000', 36, 20, 0, 5),
(58, 'Escargots de Bourgogne', 27, '24 Stück', '13.2500', 62, 20, 0, 8),
(59, 'Raclette Courdavault', 28, '5-kg-Packung', '55.0000', 79, 0, 0, 4),
(60, 'Camembert Pierrot', 28, '15 x 300-g-Stücke', '34.0000', 19, 0, 0, 4),
(61, 'Sirop d\'érable', 29, '24 x 500-ml-Flaschen', '28.5000', 113, 25, 0, 2),
(62, 'Tarte au sucre', 29, '48 Törtchen', '49.3000', 17, 0, 0, 3),
(63, 'Vegie-spread', 7, '15 x 625-g-Gläser', '43.9000', 24, 5, 0, 2),
(64, 'Wimmers gute Semmelknödel', 12, '20 Beutel x 4 Stück', '33.2500', 22, 30, 0, 5),
(65, 'Louisiana Fiery Hot Pepper Sauce', 2, '32 x 8-oz-Flaschen', '21.0500', 76, 0, 0, 2),
(66, 'Louisiana Hot Spiced Okra', 2, '24 x 8-oz-Gläser', '17.0000', 4, 20, 0, 2),
(67, 'Laughing Lumberjack Lager', 16, '24 x 12-oz-Flaschen', '14.0000', 52, 10, 0, 1),
(68, 'Scottish Longbreads', 8, '10 Kartons x 8 Stück', '12.5000', 6, 15, 0, 3),
(69, 'Gudbrandsdalsost', 15, '10-kg-Paket', '36.0000', 26, 15, 0, 4),
(70, 'Outback Lager', 7, '24 x 355-ml-Flaschen', '15.0000', 15, 30, 0, 1),
(71, 'Fløtemysost', 15, '10 x 500-g-Packungen', '21.5000', 26, 0, 0, 4),
(72, 'Mozzarella di Giovanni', 14, '24 x 200 g-Packungen', '34.8000', 14, 0, 0, 4),
(73, 'Röd Kaviar', 17, '24 x 150-g-Gläser', '15.0000', 101, 5, 0, 8),
(74, 'Longlife Tofu', 4, '5-kg-Paket', '10.0000', 4, 5, 0, 7),
(75, 'Rhönbräu Klosterbier', 12, '24 x 0,5-l-Flaschen', '7.7500', 125, 25, 0, 1),
(76, 'Lakkalikööri', 23, '500-ml-Flasche', '18.0000', 57, 20, 0, 1),
(77, 'Original Frankfurter grüne Soße', 12, '12 Kartons', '13.0000', 32, 15, 0, 2),
(78, 'DönerBrot', 1, '1', '6.5000', 25, 30, 0, 6);

-- --------------------------------------------------------

--
-- Table structure for table `artikelkategorien`
--

CREATE TABLE `artikelkategorien` (
  `KategorieID` int(11) NOT NULL,
  `Kategoriename` varchar(20) NOT NULL,
  `Beschreibung` longtext DEFAULT NULL
) ENGINE=InnoDB DEFAULT CHARSET=utf8;

--
-- Dumping data for table `artikelkategorien`
--

INSERT INTO `artikelkategorien` (`KategorieID`, `Kategoriename`, `Beschreibung`) VALUES
(1, 'Getränke', 'Alkoholfreie Getränke, Kaffee, Tee, Bier'),
(2, 'Gewürze', 'Süße und saure Soßen, Gewürze'),
(3, 'Süßwaren', 'Desserts und Süßigkeiten'),
(4, 'Milchprodukte', 'Käsesorten'),
(5, 'Getreideprodukte', 'Brot, Kräcker, Nudeln, Müsli'),
(6, 'Fleischprodukte', 'Fleisch-Fertiggerichte'),
(7, 'Naturprodukte', 'Getrocknete Früchte, Tofu usw.'),
(8, 'Meeresfrüchte', 'Meerespflanzen und -früchte, Fisch'),
(9, 'Sportnahrung', 'Proteine un alles was stark macht'),
(14, 'Südfrüchte', 'Leckeres von Mutternatur'),
(15, 'Gemüse', 'Leckeres von Mutternatur');

-- --------------------------------------------------------

--
-- Table structure for table `bestellungen`
--

CREATE TABLE `bestellungen` (
  `BestellID` int(11) NOT NULL,
  `KundenNr` int(11) DEFAULT 0,
  `Bestelldatum` datetime DEFAULT NULL,
  `Zahlungseingang` datetime DEFAULT NULL
) ENGINE=InnoDB DEFAULT CHARSET=utf8;

--
-- Dumping data for table `bestellungen`
--

INSERT INTO `bestellungen` (`BestellID`, `KundenNr`, `Bestelldatum`, `Zahlungseingang`) VALUES
(1, 1, '2005-03-15 18:00:00', '2005-03-23 18:00:00'),
(2, 1, '2004-10-02 18:00:00', '2004-10-12 18:00:00'),
(3, 1, '2005-01-14 18:00:00', '2005-01-20 18:00:00'),
(4, 1, '2004-10-12 18:00:00', '2004-10-20 18:00:00'),
(5, 1, '2004-08-24 18:00:00', '2004-09-01 18:00:00'),
(6, 2, '2005-03-03 18:00:00', '2005-03-10 18:00:00'),
(7, 2, '2004-11-27 18:00:00', '2004-12-11 18:00:00'),
(8, 2, '2003-09-18 18:00:00', '2003-09-24 18:00:00'),
(9, 2, '2004-08-07 18:00:00', '2004-08-13 18:00:00'),
(10, 3, '2003-11-27 18:00:00', '2003-12-02 18:00:00'),
(11, 3, '2004-09-24 18:00:00', '2004-09-30 18:00:00'),
(12, 3, '2005-01-27 18:00:00', '2005-02-09 18:00:00'),
(13, 3, '2004-05-12 18:00:00', '2004-05-20 18:00:00'),
(14, 3, '2004-06-18 18:00:00', '2004-06-19 18:00:00'),
(15, 3, '2004-04-14 18:00:00', '2004-04-21 18:00:00'),
(16, 3, '2004-09-21 18:00:00', '2004-09-25 18:00:00'),
(17, 4, '2004-06-03 18:00:00', '2004-06-09 18:00:00'),
(18, 4, '2005-02-01 18:00:00', '2005-02-08 18:00:00'),
(19, 4, '2003-12-16 18:00:00', '2003-12-18 18:00:00'),
(20, 4, '2003-11-15 18:00:00', '2003-11-20 18:00:00'),
(21, 4, '2004-12-23 18:00:00', '2005-01-07 18:00:00'),
(22, 4, '2005-04-09 18:00:00', '2005-04-12 18:00:00'),
(23, 4, '2004-10-15 18:00:00', '2004-10-22 18:00:00'),
(24, 4, '2004-02-21 18:00:00', '2004-02-26 18:00:00'),
(25, 4, '2005-03-02 18:00:00', '2005-03-08 18:00:00'),
(26, 4, '2004-12-07 18:00:00', '2004-12-14 18:00:00'),
(27, 4, '2004-11-13 18:00:00', '2004-11-17 18:00:00'),
(28, 4, '2005-03-15 18:00:00', '2005-03-24 18:00:00'),
(29, 4, '2004-11-16 18:00:00', '2004-11-20 18:00:00'),
(30, 5, '2004-06-17 18:00:00', '2004-06-24 18:00:00'),
(31, 5, '2005-01-27 18:00:00', '2005-02-05 18:00:00'),
(32, 5, '2004-09-16 18:00:00', '2004-09-25 18:00:00'),
(33, 5, '2004-04-30 18:00:00', '2004-05-06 18:00:00'),
(34, 5, '2004-11-06 18:00:00', '2004-11-09 18:00:00'),
(35, 5, '2004-02-12 18:00:00', '2004-02-21 18:00:00'),
(36, 5, '2005-01-15 18:00:00', '2005-01-22 18:00:00'),
(37, 5, '2005-02-02 18:00:00', '2005-02-11 18:00:00'),
(38, 5, '2004-08-10 18:00:00', '2004-08-19 18:00:00'),
(39, 5, '2003-12-16 18:00:00', '2003-12-20 18:00:00'),
(40, 5, '2004-09-30 18:00:00', '2004-10-06 18:00:00'),
(41, 5, '2004-12-15 18:00:00', '2004-12-23 18:00:00'),
(42, 5, '2003-08-12 18:00:00', '2003-08-16 18:00:00'),
(43, 5, '2004-09-01 18:00:00', '2004-09-10 18:00:00'),
(44, 5, '2005-03-03 18:00:00', '2005-04-07 18:00:00'),
(45, 5, '2005-02-05 18:00:00', '2005-03-02 18:00:00'),
(46, 5, '2004-02-13 18:00:00', '2004-02-20 18:00:00'),
(47, 5, '2003-08-14 18:00:00', '2003-09-12 18:00:00'),
(48, 6, '2005-01-26 18:00:00', '2005-02-02 18:00:00'),
(49, 6, '2004-06-26 18:00:00', '2004-07-13 18:00:00'),
(50, 6, '2004-07-28 18:00:00', '2004-07-31 18:00:00'),
(51, 6, '2004-04-16 18:00:00', '2004-04-28 18:00:00'),
(52, 6, '2005-04-28 18:00:00', NULL),
(53, 6, '2005-03-16 18:00:00', '2005-03-19 18:00:00'),
(54, 6, '2004-04-08 18:00:00', '2004-04-15 18:00:00'),
(55, 7, '2003-11-22 18:00:00', '2003-12-02 18:00:00'),
(56, 7, '2004-02-05 18:00:00', '2004-02-11 18:00:00'),
(57, 7, '2004-06-11 18:00:00', '2004-06-17 18:00:00'),
(58, 7, '2004-02-18 18:00:00', '2004-02-27 18:00:00'),
(59, 7, '2004-06-04 18:00:00', '2004-06-12 18:00:00'),
(60, 7, '2004-08-11 18:00:00', '2004-08-19 18:00:00'),
(61, 7, '2004-06-29 18:00:00', '2004-07-03 18:00:00'),
(62, 7, '2003-07-25 18:00:00', '2003-08-12 18:00:00'),
(63, 7, '2005-01-11 18:00:00', '2005-02-05 18:00:00'),
(64, 7, '2004-09-22 18:00:00', '2004-09-29 18:00:00'),
(65, 7, '2003-09-04 18:00:00', '2003-09-10 18:00:00'),
(66, 8, '2005-03-23 18:00:00', '2005-04-23 18:00:00'),
(67, 8, '2003-10-10 18:00:00', '2003-10-14 18:00:00'),
(68, 8, '2004-12-28 18:00:00', '2004-12-30 18:00:00'),
(69, 9, '2004-05-01 18:00:00', '2004-05-22 18:00:00'),
(70, 9, '2005-03-05 18:00:00', '2005-03-23 18:00:00'),
(71, 9, '2004-11-05 18:00:00', '2004-11-06 18:00:00'),
(72, 9, '2004-04-17 18:00:00', '2004-04-20 18:00:00'),
(73, 9, '2003-11-25 18:00:00', '2003-11-28 18:00:00'),
(74, 9, '2004-09-09 18:00:00', '2004-10-02 18:00:00'),
(75, 9, '2004-10-22 18:00:00', '2004-10-28 18:00:00'),
(76, 9, '2004-11-04 18:00:00', '2004-11-13 18:00:00'),
(77, 9, '2004-03-10 18:00:00', '2004-03-13 18:00:00'),
(78, 9, '2004-11-25 18:00:00', '2004-11-27 18:00:00'),
(79, 9, '2005-03-10 18:00:00', '2005-03-22 18:00:00'),
(80, 9, '2003-10-16 18:00:00', '2003-10-21 18:00:00'),
(81, 9, '2005-02-08 18:00:00', '2005-02-11 18:00:00'),
(82, 9, '2005-01-11 18:00:00', '2005-02-05 18:00:00'),
(83, 9, '2003-10-29 18:00:00', '2003-11-08 18:00:00'),
(84, 9, '2005-02-04 18:00:00', '2005-02-09 18:00:00'),
(85, 9, '2005-05-05 18:00:00', NULL),
(86, 10, '2005-03-24 18:00:00', '2005-03-26 18:00:00'),
(87, 10, '2003-12-20 18:00:00', '2003-12-24 18:00:00'),
(88, 10, '2005-03-26 18:00:00', '2005-04-07 18:00:00'),
(89, 10, '2005-04-08 18:00:00', '2005-04-12 18:00:00'),
(90, 10, '2005-04-15 18:00:00', '2005-04-19 18:00:00'),
(91, 10, '2004-01-10 18:00:00', '2004-01-15 18:00:00'),
(92, 10, '2004-01-10 18:00:00', '2004-01-21 18:00:00'),
(93, 10, '2004-01-30 18:00:00', '2004-02-07 18:00:00'),
(94, 10, '2004-03-31 18:00:00', '2004-04-10 18:00:00'),
(95, 10, '2005-03-01 18:00:00', '2005-03-10 18:00:00'),
(96, 10, '2004-11-13 18:00:00', '2004-11-17 18:00:00'),
(97, 10, '2005-03-12 18:00:00', '2005-03-16 18:00:00'),
(98, 10, '2005-04-23 18:00:00', '2005-04-29 18:00:00'),
(99, 10, '2005-04-22 18:00:00', NULL),
(100, 10, '2005-03-11 18:00:00', '2005-03-12 18:00:00'),
(101, 11, '2004-07-14 18:00:00', '2004-07-20 18:00:00'),
(102, 11, '2004-05-15 18:00:00', '2004-05-22 18:00:00'),
(103, 11, '2005-04-13 18:00:00', '2005-04-23 18:00:00'),
(104, 11, '2004-05-14 18:00:00', '2004-05-15 18:00:00'),
(105, 11, '2005-03-12 18:00:00', '2005-03-15 18:00:00'),
(106, 11, '2004-03-10 18:00:00', '2004-03-17 18:00:00'),
(107, 11, '2005-03-10 18:00:00', '2005-03-18 18:00:00'),
(108, 11, '2004-03-23 18:00:00', '2004-03-31 18:00:00'),
(109, 11, '2004-06-23 18:00:00', '2004-07-24 18:00:00'),
(110, 11, '2003-08-26 18:00:00', '2003-08-28 18:00:00'),
(111, 12, '2005-03-09 18:00:00', '2005-03-12 18:00:00'),
(112, 12, '2004-04-28 18:00:00', '2004-05-01 18:00:00'),
(113, 12, '2005-01-06 18:00:00', '2005-01-15 18:00:00'),
(114, 12, '2005-04-27 18:00:00', NULL),
(115, 12, '2005-02-10 18:00:00', '2005-02-17 18:00:00'),
(116, 12, '2004-12-16 18:00:00', '2004-12-21 18:00:00'),
(117, 13, '2003-07-18 18:00:00', '2003-07-25 18:00:00'),
(118, 14, '2004-04-27 18:00:00', '2004-04-30 18:00:00'),
(119, 14, '2005-03-19 18:00:00', '2005-04-07 18:00:00'),
(120, 14, '2004-11-05 18:00:00', '2004-11-13 18:00:00'),
(121, 14, '2005-04-21 18:00:00', '2005-04-27 18:00:00'),
(122, 14, '2003-12-03 18:00:00', '2003-12-27 18:00:00'),
(123, 14, '2004-11-18 18:00:00', '2004-11-20 18:00:00'),
(124, 14, '2005-04-15 18:00:00', '2005-04-26 18:00:00'),
(125, 14, '2003-07-11 18:00:00', '2003-07-23 18:00:00'),
(126, 15, '2004-04-01 18:00:00', '2004-04-08 18:00:00'),
(127, 15, '2004-03-05 18:00:00', '2004-03-12 18:00:00'),
(128, 15, '2005-03-22 18:00:00', '2005-03-29 18:00:00'),
(129, 15, '2005-04-21 18:00:00', '2005-04-30 18:00:00'),
(130, 15, '2003-08-27 18:00:00', '2003-09-03 18:00:00'),
(131, 16, '2004-02-04 18:00:00', '2004-02-07 18:00:00'),
(132, 16, '2005-01-22 18:00:00', '2005-01-28 18:00:00'),
(133, 16, '2004-03-02 18:00:00', '2004-03-17 18:00:00'),
(134, 17, '2003-12-23 18:00:00', '2003-12-31 18:00:00'),
(135, 17, '2003-11-26 18:00:00', '2003-12-04 18:00:00'),
(136, 17, '2005-04-19 18:00:00', '2005-04-21 18:00:00'),
(137, 17, '2005-01-08 18:00:00', '2005-01-13 18:00:00'),
(138, 17, '2004-12-24 18:00:00', '2005-01-04 18:00:00'),
(139, 17, '2005-05-03 18:00:00', '2005-05-05 18:00:00'),
(140, 18, '2005-02-15 18:00:00', '2005-02-17 18:00:00'),
(141, 18, '2003-09-20 18:00:00', '2003-09-26 18:00:00'),
(142, 18, '2004-07-23 18:00:00', '2004-07-29 18:00:00'),
(143, 18, '2004-09-25 18:00:00', '2004-09-30 18:00:00'),
(144, 19, '2005-03-30 18:00:00', '2005-04-05 18:00:00'),
(145, 19, '2003-11-26 18:00:00', '2003-12-04 18:00:00'),
(146, 19, '2004-01-01 18:00:00', '2004-01-16 18:00:00'),
(147, 19, '2005-04-23 18:00:00', '2005-04-30 18:00:00'),
(148, 19, '2004-05-08 18:00:00', '2004-05-11 18:00:00'),
(149, 19, '2005-04-27 18:00:00', '2005-04-30 18:00:00'),
(150, 19, '2005-04-14 18:00:00', '2005-04-19 18:00:00'),
(151, 19, '2004-11-02 18:00:00', '2004-12-04 18:00:00'),
(152, 20, '2004-06-16 18:00:00', '2004-07-03 18:00:00'),
(153, 20, '2005-04-07 18:00:00', NULL),
(154, 20, '2003-11-29 18:00:00', '2003-12-02 18:00:00'),
(155, 20, '2003-07-17 18:00:00', '2003-07-23 18:00:00'),
(156, 20, '2005-02-17 18:00:00', '2005-02-22 18:00:00'),
(157, 20, '2005-05-04 18:00:00', NULL),
(158, 20, '2003-12-23 18:00:00', '2003-12-26 18:00:00'),
(159, 20, '2005-03-31 18:00:00', '2005-04-06 18:00:00'),
(160, 20, '2003-12-13 18:00:00', '2003-12-16 18:00:00'),
(161, 20, '2005-01-26 18:00:00', '2005-02-04 18:00:00'),
(162, 20, '2005-04-12 18:00:00', '2005-04-19 18:00:00'),
(163, 20, '2004-08-14 18:00:00', '2004-08-17 18:00:00'),
(164, 20, '2004-07-09 18:00:00', '2004-07-13 18:00:00'),
(165, 20, '2005-01-15 18:00:00', '2005-01-20 18:00:00'),
(166, 20, '2004-04-21 18:00:00', '2004-05-15 18:00:00'),
(167, 20, '2003-07-23 18:00:00', '2003-07-31 18:00:00'),
(168, 20, '2004-09-11 18:00:00', '2004-09-18 18:00:00'),
(169, 20, '2004-12-02 18:00:00', '2004-12-07 18:00:00'),
(170, 20, '2004-12-09 18:00:00', '2005-01-01 18:00:00'),
(171, 20, '2004-12-10 18:00:00', '2004-12-15 18:00:00'),
(172, 20, '2004-12-23 18:00:00', '2005-01-19 18:00:00'),
(173, 20, '2004-12-14 18:00:00', '2004-12-17 18:00:00'),
(174, 20, '2004-10-08 18:00:00', '2004-10-16 18:00:00'),
(175, 20, '2003-11-11 18:00:00', '2003-11-20 18:00:00'),
(176, 20, '2005-03-22 18:00:00', '2005-03-31 18:00:00'),
(177, 20, '2004-01-30 18:00:00', '2004-02-03 18:00:00'),
(178, 20, '2005-03-25 18:00:00', '2005-03-30 18:00:00'),
(179, 20, '2004-01-03 18:00:00', '2004-01-09 18:00:00'),
(180, 20, '2004-02-11 18:00:00', '2004-02-18 18:00:00'),
(181, 20, '2004-01-02 18:00:00', '2004-01-10 18:00:00'),
(182, 21, '2004-06-25 18:00:00', '2004-07-01 18:00:00'),
(183, 21, '2003-11-06 18:00:00', '2003-11-08 18:00:00'),
(184, 21, '2003-12-18 18:00:00', '2003-12-25 18:00:00'),
(185, 21, '2004-08-28 18:00:00', '2004-09-02 18:00:00'),
(186, 21, '2004-01-14 18:00:00', '2004-01-17 18:00:00'),
(187, 21, '2004-04-20 18:00:00', '2004-04-23 18:00:00'),
(188, 21, '2004-10-30 18:00:00', '2004-11-04 18:00:00'),
(189, 23, '2004-01-08 18:00:00', '2004-01-14 18:00:00'),
(190, 23, '2004-12-21 18:00:00', '2004-12-30 18:00:00'),
(191, 23, '2004-08-14 18:00:00', '2004-08-20 18:00:00'),
(192, 23, '2004-03-19 18:00:00', '2004-03-23 18:00:00'),
(193, 23, '2004-12-02 18:00:00', '2004-12-07 18:00:00'),
(194, 24, '2005-03-16 18:00:00', '2005-03-19 18:00:00'),
(195, 24, '2003-07-24 18:00:00', '2003-08-23 18:00:00'),
(196, 24, '2005-03-25 18:00:00', '2005-04-09 18:00:00'),
(197, 24, '2004-02-03 18:00:00', '2004-02-13 18:00:00'),
(198, 24, '2004-02-28 18:00:00', '2004-03-02 18:00:00'),
(199, 24, '2005-02-22 18:00:00', '2005-03-02 18:00:00'),
(200, 24, '2004-10-13 18:00:00', '2004-10-19 18:00:00'),
(201, 24, '2005-01-08 18:00:00', '2005-01-29 18:00:00'),
(202, 24, '2004-12-01 18:00:00', '2004-12-08 18:00:00'),
(203, 24, '2004-06-05 18:00:00', '2004-06-08 18:00:00'),
(204, 24, '2004-12-10 18:00:00', '2004-12-11 18:00:00'),
(205, 24, '2005-04-26 18:00:00', '2005-05-04 18:00:00'),
(206, 24, '2003-10-11 18:00:00', '2003-10-14 18:00:00'),
(207, 24, '2005-04-05 18:00:00', '2005-04-13 18:00:00'),
(208, 24, '2005-02-09 18:00:00', '2005-02-17 18:00:00'),
(209, 24, '2005-03-26 18:00:00', '2005-04-16 18:00:00'),
(210, 24, '2005-03-31 18:00:00', '2005-04-09 18:00:00'),
(211, 24, '2003-12-10 18:00:00', '2003-12-19 18:00:00'),
(212, 24, '2004-05-11 18:00:00', '2004-05-21 18:00:00'),
(213, 25, '2004-08-06 18:00:00', '2004-08-11 18:00:00'),
(214, 25, '2003-10-24 18:00:00', '2003-10-29 18:00:00'),
(215, 25, '2005-03-04 18:00:00', '2005-03-11 18:00:00'),
(216, 25, '2004-09-01 18:00:00', '2004-09-18 18:00:00'),
(217, 25, '2004-09-15 18:00:00', '2004-09-17 18:00:00'),
(218, 25, '2003-10-30 18:00:00', '2003-11-04 18:00:00'),
(219, 25, '2004-09-18 18:00:00', '2004-09-22 18:00:00'),
(220, 25, '2005-04-08 18:00:00', '2005-04-16 18:00:00'),
(221, 25, '2003-12-27 18:00:00', '2004-01-06 18:00:00'),
(222, 25, '2005-01-28 18:00:00', '2005-02-01 18:00:00'),
(223, 25, '2004-03-26 18:00:00', '2004-04-01 18:00:00'),
(224, 25, '2004-06-05 18:00:00', '2004-06-08 18:00:00'),
(225, 25, '2003-07-29 18:00:00', '2003-08-06 18:00:00'),
(226, 25, '2004-12-22 18:00:00', '2004-12-31 18:00:00'),
(227, 25, '2004-10-23 18:00:00', '2004-10-28 18:00:00'),
(228, 26, '2005-01-28 18:00:00', '2005-02-03 18:00:00'),
(229, 26, '2004-09-16 18:00:00', '2004-09-23 18:00:00'),
(230, 26, '2005-03-23 18:00:00', '2005-04-01 18:00:00'),
(231, 27, '2004-11-24 18:00:00', '2004-11-26 18:00:00'),
(232, 27, '2005-04-14 18:00:00', '2005-04-27 18:00:00'),
(233, 27, '2005-04-29 18:00:00', '2005-05-03 18:00:00'),
(234, 27, '2004-01-22 18:00:00', '2004-01-31 18:00:00'),
(235, 27, '2004-12-30 18:00:00', '2005-01-29 18:00:00'),
(236, 27, '2004-10-19 18:00:00', '2004-10-22 18:00:00'),
(237, 28, '2004-03-03 18:00:00', '2004-03-13 18:00:00'),
(238, 28, '2003-10-14 18:00:00', '2003-10-17 18:00:00'),
(239, 28, '2004-09-09 18:00:00', '2004-09-18 18:00:00'),
(240, 28, '2005-03-18 18:00:00', '2005-03-25 18:00:00'),
(241, 28, '2003-11-12 18:00:00', '2003-11-18 18:00:00'),
(242, 28, '2004-03-30 18:00:00', '2004-04-07 18:00:00'),
(243, 28, '2004-05-27 18:00:00', '2004-06-05 18:00:00'),
(244, 28, '2004-07-17 18:00:00', '2004-07-28 18:00:00'),
(245, 29, '2005-03-04 18:00:00', '2005-03-17 18:00:00'),
(246, 29, '2005-02-12 18:00:00', '2005-02-15 18:00:00'),
(247, 29, '2004-06-12 18:00:00', '2004-07-08 18:00:00'),
(248, 29, '2004-01-27 18:00:00', '2004-02-06 18:00:00'),
(249, 29, '2003-11-28 18:00:00', '2003-12-30 18:00:00'),
(250, 30, '2005-04-20 18:00:00', '2005-04-26 18:00:00'),
(251, 30, '2005-02-05 18:00:00', '2005-02-10 18:00:00'),
(252, 30, '2004-05-27 18:00:00', '2004-06-05 18:00:00'),
(253, 30, '2003-09-11 18:00:00', '2003-09-18 18:00:00'),
(254, 30, '2005-03-12 18:00:00', '2005-03-18 18:00:00'),
(255, 30, '2005-02-15 18:00:00', '2005-02-22 18:00:00'),
(256, 30, '2005-02-25 18:00:00', '2005-03-04 18:00:00'),
(257, 30, '2004-08-11 18:00:00', '2004-08-19 18:00:00'),
(258, 30, '2005-04-07 18:00:00', '2005-04-09 18:00:00'),
(259, 30, '2005-02-04 18:00:00', '2005-02-08 18:00:00'),
(260, 31, '2004-01-23 18:00:00', '2004-02-24 18:00:00'),
(261, 31, '2005-04-23 18:00:00', '2005-05-03 18:00:00'),
(262, 31, '2004-09-28 18:00:00', '2004-10-02 18:00:00'),
(263, 31, '2004-12-14 18:00:00', '2005-01-20 18:00:00'),
(264, 31, '2005-03-17 18:00:00', '2005-03-22 18:00:00'),
(265, 31, '2004-10-16 18:00:00', '2004-11-19 18:00:00'),
(266, 31, '2004-11-06 18:00:00', '2004-11-11 18:00:00'),
(267, 31, '2004-12-21 18:00:00', '2004-12-25 18:00:00'),
(268, 31, '2004-08-31 18:00:00', '2004-09-07 18:00:00'),
(269, 32, '2004-09-24 18:00:00', '2004-09-29 18:00:00'),
(270, 32, '2004-07-30 18:00:00', '2004-08-04 18:00:00'),
(271, 32, '2004-07-30 18:00:00', '2004-08-03 18:00:00'),
(272, 32, '2005-03-08 18:00:00', '2005-03-17 18:00:00'),
(273, 32, '2004-07-03 18:00:00', '2004-07-13 18:00:00'),
(274, 32, '2005-01-05 18:00:00', '2005-02-03 18:00:00'),
(275, 32, '2004-05-05 18:00:00', '2004-05-08 18:00:00'),
(276, 32, '2005-04-21 18:00:00', NULL),
(277, 32, '2004-09-03 18:00:00', '2004-09-09 18:00:00'),
(278, 32, '2005-04-29 18:00:00', NULL),
(279, 32, '2005-04-06 18:00:00', '2005-04-14 18:00:00'),
(280, 33, '2003-07-30 18:00:00', '2003-08-02 18:00:00'),
(281, 33, '2004-12-17 18:00:00', '2004-12-23 18:00:00'),
(282, 34, '2005-02-23 18:00:00', '2005-03-03 18:00:00'),
(283, 34, '2004-12-08 18:00:00', '2004-12-16 18:00:00'),
(284, 34, '2005-04-13 18:00:00', '2005-05-03 18:00:00'),
(285, 34, '2004-12-17 18:00:00', '2004-12-18 18:00:00'),
(286, 34, '2005-04-26 18:00:00', '2005-04-30 18:00:00'),
(287, 34, '2005-03-03 18:00:00', '2005-03-12 18:00:00'),
(288, 34, '2005-03-26 18:00:00', '2005-04-01 18:00:00'),
(289, 34, '2005-03-02 18:00:00', '2005-03-04 18:00:00'),
(290, 34, '2005-02-12 18:00:00', '2005-03-01 18:00:00'),
(291, 34, '2003-07-08 18:00:00', '2003-07-12 18:00:00'),
(292, 34, '2004-08-25 18:00:00', '2004-09-01 18:00:00'),
(293, 34, '2003-07-10 18:00:00', '2003-07-16 18:00:00'),
(294, 34, '2004-05-18 18:00:00', '2004-05-28 18:00:00'),
(295, 34, '2004-10-01 18:00:00', '2004-10-02 18:00:00'),
(296, 35, '2003-07-16 18:00:00', '2003-07-22 18:00:00'),
(297, 35, '2003-12-26 18:00:00', '2004-01-03 18:00:00'),
(298, 35, '2004-08-21 18:00:00', '2004-08-25 18:00:00'),
(299, 35, '2004-03-30 18:00:00', '2004-04-02 18:00:00'),
(300, 35, '2004-05-28 18:00:00', '2004-06-04 18:00:00'),
(301, 35, '2005-02-22 18:00:00', '2005-02-25 18:00:00'),
(302, 35, '2004-10-14 18:00:00', '2004-11-17 18:00:00'),
(303, 35, '2005-03-18 18:00:00', '2005-04-07 18:00:00'),
(304, 35, '2004-04-06 18:00:00', '2004-04-10 18:00:00'),
(305, 35, '2004-03-25 18:00:00', '2004-04-01 18:00:00'),
(306, 35, '2005-04-27 18:00:00', '2005-05-04 18:00:00'),
(307, 35, '2005-03-17 18:00:00', '2005-03-26 18:00:00'),
(308, 35, '2005-02-01 18:00:00', '2005-02-16 18:00:00'),
(309, 35, '2004-03-16 18:00:00', '2004-03-23 18:00:00'),
(310, 35, '2004-12-24 18:00:00', '2005-01-13 18:00:00'),
(311, 35, '2004-07-28 18:00:00', '2004-07-31 18:00:00'),
(312, 35, '2004-07-15 18:00:00', '2004-07-21 18:00:00'),
(313, 35, '2005-03-24 18:00:00', '2005-04-02 18:00:00'),
(314, 36, '2003-12-25 18:00:00', '2004-01-03 18:00:00'),
(315, 36, '2004-09-07 18:00:00', '2004-10-14 18:00:00'),
(316, 36, '2003-12-06 18:00:00', '2003-12-09 18:00:00'),
(317, 36, '2004-07-15 18:00:00', '2004-07-20 18:00:00'),
(318, 36, '2004-01-15 18:00:00', '2004-01-24 18:00:00'),
(319, 37, '2004-10-12 18:00:00', '2004-10-14 18:00:00'),
(320, 37, '2003-12-05 18:00:00', '2003-12-11 18:00:00'),
(321, 37, '2004-11-10 18:00:00', '2004-11-20 18:00:00'),
(322, 37, '2003-09-19 18:00:00', '2003-10-23 18:00:00'),
(323, 37, '2003-09-05 18:00:00', '2003-09-11 18:00:00'),
(324, 37, '2003-12-12 18:00:00', '2004-01-16 18:00:00'),
(325, 37, '2004-09-29 18:00:00', '2004-10-29 18:00:00'),
(326, 37, '2004-10-20 18:00:00', '2004-10-30 18:00:00'),
(327, 37, '2004-04-23 18:00:00', '2004-04-30 18:00:00'),
(328, 37, '2004-01-29 18:00:00', '2004-02-07 18:00:00'),
(329, 37, '2004-09-08 18:00:00', '2004-09-14 18:00:00'),
(330, 37, '2003-10-22 18:00:00', '2003-10-24 18:00:00'),
(331, 37, '2004-04-10 18:00:00', '2004-04-15 18:00:00'),
(332, 37, '2004-06-11 18:00:00', '2004-06-16 18:00:00'),
(333, 37, '2004-08-26 18:00:00', '2004-09-02 18:00:00'),
(334, 37, '2005-02-25 18:00:00', '2005-03-17 18:00:00'),
(335, 37, '2005-04-29 18:00:00', '2005-05-05 18:00:00'),
(336, 37, '2005-02-18 18:00:00', '2005-02-24 18:00:00'),
(337, 37, '2005-03-29 18:00:00', '2005-04-01 18:00:00'),
(338, 38, '2004-12-25 18:00:00', '2005-01-04 18:00:00'),
(339, 38, '2005-01-12 18:00:00', '2005-01-22 18:00:00'),
(340, 38, '2004-08-04 18:00:00', '2004-08-10 18:00:00'),
(341, 38, '2004-09-17 18:00:00', '2004-09-29 18:00:00'),
(342, 38, '2004-03-12 18:00:00', '2004-03-20 18:00:00'),
(343, 38, '2005-03-05 18:00:00', '2005-03-15 18:00:00'),
(344, 38, '2003-09-26 18:00:00', '2003-10-03 18:00:00'),
(345, 38, '2003-10-01 18:00:00', '2003-10-04 18:00:00'),
(346, 38, '2004-11-19 18:00:00', '2004-12-18 18:00:00'),
(347, 38, '2003-10-03 18:00:00', '2003-10-11 18:00:00'),
(348, 39, '2004-02-25 18:00:00', '2004-02-28 18:00:00'),
(349, 39, '2005-02-17 18:00:00', '2005-02-19 18:00:00'),
(350, 39, '2004-05-19 18:00:00', '2004-05-25 18:00:00'),
(351, 39, '2004-03-06 18:00:00', '2004-03-11 18:00:00'),
(352, 39, '2004-10-26 18:00:00', '2004-10-28 18:00:00'),
(353, 39, '2005-01-22 18:00:00', '2005-01-29 18:00:00'),
(354, 39, '2003-10-07 18:00:00', '2003-10-14 18:00:00'),
(355, 39, '2004-02-25 18:00:00', '2004-03-02 18:00:00'),
(356, 39, '2004-04-14 18:00:00', '2004-05-01 18:00:00'),
(357, 39, '2004-08-12 18:00:00', '2004-08-18 18:00:00'),
(358, 39, '2005-01-05 18:00:00', '2005-01-12 18:00:00'),
(359, 39, '2004-12-25 18:00:00', '2005-01-04 18:00:00'),
(360, 39, '2005-04-15 18:00:00', '2005-04-21 18:00:00'),
(361, 39, '2003-10-09 18:00:00', '2003-10-14 18:00:00'),
(362, 40, '2005-03-23 18:00:00', '2005-03-25 18:00:00'),
(363, 40, '2005-03-23 18:00:00', '2005-03-26 18:00:00'),
(364, 40, '2005-03-04 18:00:00', '2005-04-07 18:00:00'),
(365, 40, '2005-01-28 18:00:00', '2005-02-02 18:00:00'),
(366, 41, '2004-12-18 18:00:00', '2004-12-25 18:00:00'),
(367, 41, '2005-01-13 18:00:00', '2005-01-18 18:00:00'),
(368, 41, '2004-08-13 18:00:00', '2004-08-14 18:00:00'),
(369, 41, '2004-04-08 18:00:00', '2004-04-16 18:00:00'),
(370, 41, '2004-07-24 18:00:00', '2004-08-05 18:00:00'),
(371, 41, '2003-11-20 18:00:00', '2003-11-27 18:00:00'),
(372, 41, '2005-04-26 18:00:00', NULL),
(373, 41, '2004-01-24 18:00:00', '2004-02-14 18:00:00'),
(374, 41, '2004-04-01 18:00:00', '2004-04-09 18:00:00'),
(375, 41, '2004-01-14 18:00:00', '2004-01-16 18:00:00'),
(376, 41, '2005-03-02 18:00:00', '2005-03-12 18:00:00'),
(377, 41, '2003-11-11 18:00:00', '2003-12-03 18:00:00'),
(378, 41, '2004-02-21 18:00:00', '2004-02-25 18:00:00'),
(379, 41, '2003-12-03 18:00:00', '2003-12-24 18:00:00'),
(380, 42, '2004-08-04 18:00:00', '2004-08-13 18:00:00'),
(381, 42, '2004-04-02 18:00:00', '2004-04-10 18:00:00'),
(382, 42, '2004-12-31 18:00:00', '2005-01-06 18:00:00'),
(383, 43, '2004-03-20 18:00:00', '2004-04-09 18:00:00'),
(384, 43, '2004-05-21 18:00:00', '2004-06-25 18:00:00'),
(385, 44, '2003-08-13 18:00:00', '2003-08-16 18:00:00'),
(386, 44, '2005-05-04 18:00:00', NULL),
(387, 44, '2003-10-31 18:00:00', '2003-11-06 18:00:00'),
(388, 44, '2003-08-19 18:00:00', '2003-08-27 18:00:00'),
(389, 44, '2004-07-07 18:00:00', '2004-07-15 18:00:00'),
(390, 44, '2004-04-03 18:00:00', '2004-04-06 18:00:00'),
(391, 44, '2005-03-08 18:00:00', '2005-03-11 18:00:00'),
(392, 44, '2005-01-29 18:00:00', '2005-02-01 18:00:00'),
(393, 44, '2004-06-02 18:00:00', '2004-06-05 18:00:00'),
(394, 44, '2004-05-13 18:00:00', '2004-06-05 18:00:00'),
(395, 44, '2004-05-11 18:00:00', '2004-05-13 18:00:00'),
(396, 44, '2005-02-16 18:00:00', '2005-02-18 18:00:00'),
(397, 44, '2004-04-29 18:00:00', '2004-05-05 18:00:00'),
(398, 44, '2004-07-08 18:00:00', '2004-08-12 18:00:00'),
(399, 44, '2004-12-09 18:00:00', '2004-12-18 18:00:00'),
(400, 45, '2004-10-26 18:00:00', '2004-11-04 18:00:00'),
(401, 45, '2004-11-09 18:00:00', '2004-11-20 18:00:00'),
(402, 45, '2004-06-24 18:00:00', '2004-07-03 18:00:00'),
(403, 45, '2005-02-11 18:00:00', '2005-02-12 18:00:00'),
(404, 46, '2005-04-02 18:00:00', '2005-04-12 18:00:00'),
(405, 46, '2003-10-16 18:00:00', '2003-10-28 18:00:00'),
(406, 46, '2003-09-03 18:00:00', '2003-09-11 18:00:00'),
(407, 46, '2003-11-19 18:00:00', '2003-12-02 18:00:00'),
(408, 46, '2005-01-08 18:00:00', '2005-01-12 18:00:00'),
(409, 46, '2004-05-20 18:00:00', '2004-05-22 18:00:00'),
(410, 46, '2003-08-16 18:00:00', '2003-08-23 18:00:00'),
(411, 46, '2003-12-12 18:00:00', '2003-12-13 18:00:00'),
(412, 46, '2004-12-15 18:00:00', '2004-12-24 18:00:00'),
(413, 46, '2005-02-19 18:00:00', '2005-02-25 18:00:00'),
(414, 46, '2004-02-28 18:00:00', '2004-03-04 18:00:00'),
(415, 46, '2005-05-04 18:00:00', NULL),
(416, 46, '2004-04-07 18:00:00', '2004-04-15 18:00:00'),
(417, 46, '2005-04-30 18:00:00', NULL),
(418, 47, '2005-04-09 18:00:00', '2005-04-14 18:00:00'),
(419, 47, '2005-01-18 18:00:00', '2005-01-22 18:00:00'),
(420, 47, '2005-04-20 18:00:00', NULL),
(421, 47, '2004-11-03 18:00:00', '2004-11-13 18:00:00'),
(422, 47, '2004-10-07 18:00:00', '2004-10-13 18:00:00'),
(423, 47, '2004-08-19 18:00:00', '2004-08-31 18:00:00'),
(424, 47, '2005-03-16 18:00:00', '2005-03-19 18:00:00'),
(425, 47, '2005-03-01 18:00:00', '2005-03-03 18:00:00'),
(426, 47, '2005-01-18 18:00:00', '2005-02-15 18:00:00'),
(427, 47, '2004-03-24 18:00:00', '2004-03-30 18:00:00'),
(428, 47, '2004-01-06 18:00:00', '2004-01-22 18:00:00'),
(429, 47, '2005-01-01 18:00:00', '2005-01-07 18:00:00'),
(430, 48, '2004-05-20 18:00:00', '2004-05-29 18:00:00'),
(431, 48, '2003-09-30 18:00:00', '2003-10-10 18:00:00'),
(432, 48, '2005-02-11 18:00:00', '2005-02-19 18:00:00'),
(433, 48, '2005-02-02 18:00:00', '2005-02-10 18:00:00'),
(434, 48, '2005-04-12 18:00:00', '2005-04-15 18:00:00'),
(435, 48, '2004-09-08 18:00:00', '2004-09-17 18:00:00'),
(436, 48, '2004-09-10 18:00:00', '2004-09-16 18:00:00'),
(437, 48, '2003-09-17 18:00:00', '2003-09-25 18:00:00'),
(438, 49, '2003-09-09 18:00:00', '2003-09-18 18:00:00'),
(439, 49, '2004-03-05 18:00:00', '2004-03-10 18:00:00'),
(440, 49, '2005-03-09 18:00:00', '2005-03-12 18:00:00'),
(441, 49, '2004-01-03 18:00:00', '2004-01-08 18:00:00'),
(442, 49, '2004-12-17 18:00:00', '2004-12-21 18:00:00'),
(443, 49, '2004-11-24 18:00:00', '2004-11-26 18:00:00'),
(444, 49, '2004-08-17 18:00:00', '2004-08-20 18:00:00'),
(445, 49, '2005-01-06 18:00:00', '2005-01-11 18:00:00'),
(446, 49, '2003-08-07 18:00:00', '2003-08-09 18:00:00'),
(447, 49, '2005-03-15 18:00:00', '2005-03-22 18:00:00'),
(448, 50, '2005-04-06 18:00:00', '2005-04-19 18:00:00'),
(449, 50, '2005-03-25 18:00:00', '2005-04-22 18:00:00'),
(450, 50, '2004-08-27 18:00:00', '2004-08-28 18:00:00'),
(451, 50, '2004-05-06 18:00:00', '2004-05-08 18:00:00'),
(452, 50, '2004-11-30 18:00:00', '2004-12-09 18:00:00'),
(453, 50, '2005-02-16 18:00:00', '2005-02-18 18:00:00'),
(454, 50, '2005-02-18 18:00:00', '2005-02-26 18:00:00'),
(455, 51, '2004-10-29 18:00:00', '2004-11-04 18:00:00'),
(456, 51, '2004-04-13 18:00:00', '2004-04-20 18:00:00'),
(457, 51, '2004-07-20 18:00:00', '2004-07-28 18:00:00'),
(458, 51, '2003-10-17 18:00:00', '2003-10-21 18:00:00'),
(459, 51, '2004-06-16 18:00:00', '2004-06-18 18:00:00'),
(460, 51, '2003-12-09 18:00:00', '2003-12-13 18:00:00'),
(461, 51, '2004-07-06 18:00:00', '2004-07-13 18:00:00'),
(462, 51, '2004-02-07 18:00:00', '2004-02-10 18:00:00'),
(463, 51, '2004-06-10 18:00:00', '2004-06-17 18:00:00'),
(464, 51, '2004-01-23 18:00:00', '2004-01-27 18:00:00'),
(465, 51, '2003-10-28 18:00:00', '2003-11-04 18:00:00'),
(466, 51, '2004-07-31 18:00:00', '2004-08-07 18:00:00'),
(467, 51, '2004-08-03 18:00:00', '2004-08-06 18:00:00'),
(468, 52, '2005-03-11 18:00:00', '2005-03-17 18:00:00'),
(469, 52, '2003-08-09 18:00:00', '2003-08-13 18:00:00'),
(470, 52, '2004-12-15 18:00:00', '2005-01-13 18:00:00'),
(471, 52, '2004-10-08 18:00:00', '2004-10-12 18:00:00'),
(472, 52, '2004-06-19 18:00:00', '2004-06-29 18:00:00'),
(473, 53, '2004-04-23 18:00:00', '2004-04-28 18:00:00'),
(474, 53, '2004-11-23 18:00:00', '2004-11-27 18:00:00'),
(475, 53, '2005-04-28 18:00:00', '2005-04-30 18:00:00'),
(476, 54, '2004-01-09 18:00:00', '2004-01-14 18:00:00'),
(477, 54, '2004-05-07 18:00:00', '2004-05-18 18:00:00'),
(478, 54, '2005-02-19 18:00:00', '2005-03-05 18:00:00'),
(479, 54, '2005-03-29 18:00:00', '2005-04-20 18:00:00'),
(480, 54, '2005-03-17 18:00:00', '2005-03-26 18:00:00'),
(481, 55, '2005-01-26 18:00:00', '2005-02-03 18:00:00'),
(482, 55, '2004-12-31 18:00:00', '2005-01-08 18:00:00'),
(483, 55, '2005-03-19 18:00:00', '2005-03-29 18:00:00'),
(484, 55, '2004-10-15 18:00:00', '2004-10-20 18:00:00'),
(485, 55, '2004-07-08 18:00:00', '2004-07-15 18:00:00'),
(486, 55, '2003-09-13 18:00:00', '2003-10-09 18:00:00'),
(487, 55, '2004-02-10 18:00:00', '2004-03-13 18:00:00'),
(488, 55, '2005-04-19 18:00:00', '2005-04-26 18:00:00'),
(489, 55, '2003-10-25 18:00:00', '2003-10-29 18:00:00'),
(490, 55, '2004-09-23 18:00:00', '2004-09-25 18:00:00'),
(491, 56, '2003-07-19 18:00:00', '2003-07-29 18:00:00'),
(492, 56, '2004-04-15 18:00:00', '2004-05-12 18:00:00'),
(493, 56, '2005-04-13 18:00:00', '2005-04-15 18:00:00'),
(494, 56, '2005-04-02 18:00:00', '2005-04-09 18:00:00'),
(495, 56, '2004-05-29 18:00:00', '2004-06-04 18:00:00'),
(496, 56, '2004-12-04 18:00:00', '2004-12-08 18:00:00'),
(497, 56, '2004-06-25 18:00:00', '2004-06-30 18:00:00'),
(498, 56, '2004-01-07 18:00:00', '2004-01-30 18:00:00'),
(499, 56, '2004-09-25 18:00:00', '2004-09-29 18:00:00'),
(500, 56, '2005-01-14 18:00:00', '2005-01-22 18:00:00'),
(501, 58, '2004-04-09 18:00:00', '2004-04-28 18:00:00'),
(502, 58, '2003-10-04 18:00:00', '2003-10-23 18:00:00'),
(503, 58, '2005-05-04 18:00:00', NULL),
(504, 58, '2003-11-14 18:00:00', '2003-11-20 18:00:00'),
(505, 58, '2004-03-12 18:00:00', '2004-03-20 18:00:00'),
(506, 58, '2005-04-01 18:00:00', '2005-04-05 18:00:00'),
(507, 59, '2004-09-29 18:00:00', '2004-10-07 18:00:00'),
(508, 59, '2004-03-27 18:00:00', '2004-04-08 18:00:00'),
(509, 59, '2004-07-10 18:00:00', '2004-07-17 18:00:00'),
(510, 59, '2004-01-27 18:00:00', '2004-03-02 18:00:00'),
(511, 59, '2004-11-18 18:00:00', '2004-11-25 18:00:00'),
(512, 59, '2003-12-24 18:00:00', '2004-01-01 18:00:00'),
(513, 59, '2004-05-07 18:00:00', '2004-05-11 18:00:00'),
(514, 59, '2005-01-20 18:00:00', '2005-01-25 18:00:00'),
(515, 59, '2003-11-13 18:00:00', '2003-11-25 18:00:00'),
(516, 59, '2005-04-26 18:00:00', '2005-04-28 18:00:00'),
(517, 60, '2005-04-07 18:00:00', '2005-04-12 18:00:00'),
(518, 60, '2003-10-23 18:00:00', '2003-10-25 18:00:00'),
(519, 60, '2004-03-16 18:00:00', '2004-03-24 18:00:00'),
(520, 60, '2004-02-03 18:00:00', '2004-03-03 18:00:00'),
(521, 60, '2003-12-27 18:00:00', '2004-01-02 18:00:00'),
(522, 61, '2004-12-23 18:00:00', '2005-01-01 18:00:00'),
(523, 61, '2004-08-26 18:00:00', '2004-09-02 18:00:00'),
(524, 61, '2003-12-11 18:00:00', '2003-12-13 18:00:00'),
(525, 61, '2004-10-27 18:00:00', '2004-11-04 18:00:00'),
(526, 61, '2004-01-21 18:00:00', '2004-01-27 18:00:00'),
(527, 61, '2004-07-01 18:00:00', '2004-07-08 18:00:00'),
(528, 61, '2003-07-19 18:00:00', '2003-07-30 18:00:00'),
(529, 61, '2005-03-30 18:00:00', '2005-04-01 18:00:00'),
(530, 61, '2003-08-27 18:00:00', '2003-09-04 18:00:00'),
(531, 62, '2004-03-25 18:00:00', '2004-03-27 18:00:00'),
(532, 62, '2004-10-13 18:00:00', '2004-11-06 18:00:00'),
(533, 62, '2004-12-18 18:00:00', '2004-12-22 18:00:00'),
(534, 62, '2005-03-18 18:00:00', '2005-03-29 18:00:00'),
(535, 62, '2005-02-26 18:00:00', '2005-03-01 18:00:00'),
(536, 62, '2005-05-03 18:00:00', NULL),
(537, 62, '2003-12-04 18:00:00', '2003-12-09 18:00:00'),
(538, 62, '2004-09-04 18:00:00', '2004-09-09 18:00:00'),
(539, 62, '2004-08-18 18:00:00', '2004-08-25 18:00:00'),
(540, 62, '2005-02-25 18:00:00', '2005-03-03 18:00:00'),
(541, 62, '2004-01-07 18:00:00', '2004-01-13 18:00:00'),
(542, 62, '2005-02-03 18:00:00', '2005-02-22 18:00:00'),
(543, 62, '2004-11-03 18:00:00', '2004-11-10 18:00:00'),
(544, 63, '2003-08-05 18:00:00', '2003-08-12 18:00:00'),
(545, 63, '2004-04-22 18:00:00', '2004-05-22 18:00:00'),
(546, 63, '2004-12-03 18:00:00', '2004-12-08 18:00:00'),
(547, 63, '2005-03-18 18:00:00', '2005-03-22 18:00:00'),
(548, 63, '2004-11-17 18:00:00', '2004-11-26 18:00:00'),
(549, 63, '2004-01-17 18:00:00', '2004-01-24 18:00:00'),
(550, 63, '2004-10-28 18:00:00', '2004-10-30 18:00:00'),
(551, 63, '2005-03-09 18:00:00', '2005-03-15 18:00:00'),
(552, 63, '2004-09-04 18:00:00', '2004-09-07 18:00:00'),
(553, 63, '2004-07-02 18:00:00', '2004-07-09 18:00:00'),
(554, 63, '2004-05-04 18:00:00', '2004-05-06 18:00:00'),
(555, 63, '2003-11-22 18:00:00', '2003-12-03 18:00:00'),
(556, 63, '2004-12-21 18:00:00', '2005-01-18 18:00:00'),
(557, 63, '2005-02-09 18:00:00', '2005-02-11 18:00:00'),
(558, 63, '2005-04-13 18:00:00', '2005-04-20 18:00:00'),
(559, 63, '2004-05-26 18:00:00', '2004-05-29 18:00:00'),
(560, 63, '2004-02-19 18:00:00', '2004-03-11 18:00:00'),
(561, 63, '2003-08-20 18:00:00', '2003-08-26 18:00:00'),
(562, 63, '2004-05-18 18:00:00', '2004-06-12 18:00:00'),
(563, 63, '2003-11-04 18:00:00', '2003-11-11 18:00:00'),
(564, 63, '2004-10-05 18:00:00', '2004-10-08 18:00:00'),
(565, 63, '2004-10-02 18:00:00', '2004-10-21 18:00:00'),
(566, 63, '2005-04-01 18:00:00', '2005-04-09 18:00:00'),
(567, 63, '2005-01-20 18:00:00', '2005-01-29 18:00:00'),
(568, 63, '2003-09-24 18:00:00', '2003-10-04 18:00:00'),
(569, 63, '2005-03-31 18:00:00', '2005-04-06 18:00:00'),
(570, 63, '2005-02-01 18:00:00', '2005-02-11 18:00:00'),
(571, 63, '2003-08-21 18:00:00', '2003-08-30 18:00:00'),
(572, 64, '2004-10-23 18:00:00', '2004-10-26 18:00:00'),
(573, 64, '2005-01-12 18:00:00', '2005-02-03 18:00:00'),
(574, 64, '2005-04-12 18:00:00', NULL),
(575, 64, '2004-02-17 18:00:00', '2004-02-24 18:00:00'),
(576, 64, '2005-02-26 18:00:00', '2005-03-08 18:00:00'),
(577, 65, '2003-09-25 18:00:00', '2003-10-04 18:00:00'),
(578, 65, '2004-06-15 18:00:00', '2004-07-10 18:00:00'),
(579, 65, '2005-02-15 18:00:00', '2005-02-22 18:00:00'),
(580, 65, '2005-01-25 18:00:00', '2005-01-29 18:00:00'),
(581, 65, '2004-03-18 18:00:00', '2004-03-20 18:00:00'),
(582, 65, '2004-12-01 18:00:00', '2004-12-07 18:00:00'),
(583, 65, '2003-11-05 18:00:00', '2003-11-08 18:00:00'),
(584, 65, '2004-07-13 18:00:00', '2004-07-17 18:00:00'),
(585, 65, '2003-07-22 18:00:00', '2003-07-25 18:00:00'),
(586, 65, '2005-01-06 18:00:00', '2005-01-12 18:00:00'),
(587, 65, '2005-03-30 18:00:00', '2005-04-09 18:00:00'),
(588, 65, '2003-09-27 18:00:00', '2003-10-08 18:00:00'),
(589, 65, '2003-08-30 18:00:00', '2003-09-05 18:00:00'),
(590, 65, '2004-01-01 18:00:00', '2004-01-10 18:00:00'),
(591, 65, '2004-06-09 18:00:00', '2004-06-15 18:00:00'),
(592, 65, '2005-04-05 18:00:00', '2005-04-13 18:00:00'),
(593, 65, '2003-08-02 18:00:00', '2003-08-06 18:00:00'),
(594, 65, '2005-05-05 18:00:00', NULL),
(595, 66, '2004-11-02 18:00:00', '2004-12-04 18:00:00'),
(596, 66, '2004-09-02 18:00:00', '2004-09-10 18:00:00'),
(597, 66, '2005-04-08 18:00:00', '2005-04-20 18:00:00'),
(598, 66, '2003-08-23 18:00:00', '2003-09-03 18:00:00'),
(599, 66, '2004-07-01 18:00:00', '2004-07-08 18:00:00'),
(600, 66, '2004-06-08 18:00:00', '2004-06-11 18:00:00'),
(601, 66, '2004-01-28 18:00:00', '2004-02-04 18:00:00'),
(602, 66, '2005-01-01 18:00:00', '2005-01-11 18:00:00'),
(603, 66, '2004-02-12 18:00:00', '2004-02-14 18:00:00'),
(604, 66, '2005-02-25 18:00:00', '2005-03-05 18:00:00'),
(605, 66, '2005-04-29 18:00:00', NULL),
(606, 66, '2005-03-10 18:00:00', '2005-03-17 18:00:00'),
(607, 67, '2004-02-14 18:00:00', '2004-03-06 18:00:00'),
(608, 67, '2005-01-04 18:00:00', '2005-01-08 18:00:00'),
(609, 67, '2004-06-09 18:00:00', '2004-06-23 18:00:00'),
(610, 67, '2004-08-05 18:00:00', '2004-08-10 18:00:00'),
(611, 67, '2004-08-27 18:00:00', '2004-09-08 18:00:00'),
(612, 67, '2003-08-22 18:00:00', '2003-08-28 18:00:00'),
(613, 67, '2005-02-08 18:00:00', '2005-02-18 18:00:00'),
(614, 67, '2004-03-19 18:00:00', '2004-03-24 18:00:00'),
(615, 67, '2005-01-25 18:00:00', '2005-02-01 18:00:00'),
(616, 67, '2003-09-06 18:00:00', '2003-09-13 18:00:00'),
(617, 67, '2005-04-28 18:00:00', NULL),
(618, 68, '2005-03-15 18:00:00', '2005-04-06 18:00:00'),
(619, 68, '2004-01-20 18:00:00', '2004-01-30 18:00:00'),
(620, 68, '2004-11-27 18:00:00', '2004-12-03 18:00:00'),
(621, 68, '2003-07-12 18:00:00', '2003-07-15 18:00:00'),
(622, 68, '2005-04-16 18:00:00', '2005-04-22 18:00:00'),
(623, 68, '2005-05-05 18:00:00', NULL),
(624, 68, '2004-11-23 18:00:00', '2004-12-02 18:00:00'),
(625, 68, '2005-03-05 18:00:00', '2005-03-18 18:00:00'),
(626, 68, '2004-05-13 18:00:00', '2004-05-18 18:00:00'),
(627, 68, '2004-09-11 18:00:00', '2004-09-21 18:00:00'),
(628, 69, '2003-09-16 18:00:00', '2003-09-23 18:00:00'),
(629, 69, '2003-08-15 18:00:00', '2003-08-21 18:00:00'),
(630, 69, '2005-03-01 18:00:00', '2005-03-10 18:00:00'),
(631, 69, '2005-04-08 18:00:00', '2005-04-09 18:00:00'),
(632, 69, '2003-08-14 18:00:00', '2003-08-21 18:00:00'),
(633, 70, '2004-04-28 18:00:00', '2004-04-30 18:00:00'),
(634, 70, '2005-04-09 18:00:00', '2005-04-19 18:00:00'),
(635, 70, '2004-08-19 18:00:00', '2004-08-26 18:00:00'),
(636, 70, '2005-01-13 18:00:00', '2005-01-22 18:00:00'),
(637, 70, '2003-12-18 18:00:00', '2003-12-20 18:00:00'),
(638, 70, '2005-02-25 18:00:00', '2005-03-09 18:00:00'),
(639, 71, '2004-07-21 18:00:00', '2004-07-24 18:00:00'),
(640, 71, '2004-07-17 18:00:00', '2004-08-07 18:00:00'),
(641, 71, '2005-04-16 18:00:00', '2005-04-23 18:00:00'),
(642, 71, '2004-11-26 18:00:00', '2004-12-14 18:00:00'),
(643, 71, '2005-04-16 18:00:00', '2005-04-26 18:00:00'),
(644, 71, '2003-10-08 18:00:00', '2003-10-10 18:00:00'),
(645, 71, '2004-04-17 18:00:00', '2004-04-27 18:00:00'),
(646, 71, '2004-07-27 18:00:00', '2004-07-31 18:00:00'),
(647, 71, '2005-03-26 18:00:00', '2005-04-05 18:00:00'),
(648, 71, '2005-03-29 18:00:00', '2005-04-02 18:00:00'),
(649, 71, '2003-12-30 18:00:00', '2004-01-09 18:00:00'),
(650, 71, '2003-12-25 18:00:00', '2004-01-03 18:00:00'),
(651, 71, '2005-02-17 18:00:00', '2005-02-19 18:00:00'),
(652, 71, '2004-06-01 18:00:00', '2004-06-03 18:00:00'),
(653, 71, '2005-04-05 18:00:00', '2005-04-15 18:00:00'),
(654, 71, '2004-10-09 18:00:00', '2004-10-15 18:00:00'),
(655, 71, '2005-02-10 18:00:00', '2005-02-19 18:00:00'),
(656, 71, '2005-01-21 18:00:00', '2005-02-09 18:00:00'),
(657, 71, '2004-10-21 18:00:00', '2004-10-23 18:00:00'),
(658, 71, '2004-02-20 18:00:00', '2004-02-26 18:00:00'),
(659, 71, '2004-10-28 18:00:00', '2004-11-03 18:00:00'),
(660, 71, '2005-01-04 18:00:00', '2005-01-13 18:00:00'),
(661, 71, '2004-10-20 18:00:00', '2004-10-28 18:00:00'),
(662, 71, '2004-08-10 18:00:00', '2004-08-20 18:00:00'),
(663, 71, '2004-09-22 18:00:00', '2004-10-15 18:00:00'),
(664, 71, '2004-09-03 18:00:00', '2004-09-14 18:00:00'),
(665, 71, '2005-03-10 18:00:00', '2005-03-19 18:00:00'),
(666, 71, '2004-02-10 18:00:00', '2004-02-28 18:00:00'),
(667, 71, '2004-11-19 18:00:00', '2004-11-27 18:00:00'),
(668, 71, '2004-10-21 18:00:00', '2004-10-26 18:00:00'),
(669, 71, '2005-04-30 18:00:00', '2005-05-03 18:00:00'),
(670, 72, '2004-12-25 18:00:00', '2005-01-04 18:00:00'),
(671, 72, '2004-04-30 18:00:00', '2004-05-29 18:00:00'),
(672, 72, '2003-12-09 18:00:00', '2003-12-13 18:00:00'),
(673, 72, '2003-12-19 18:00:00', '2003-12-20 18:00:00'),
(674, 72, '2004-05-22 18:00:00', '2004-06-01 18:00:00'),
(675, 72, '2004-12-29 18:00:00', '2005-01-06 18:00:00'),
(676, 72, '2003-11-21 18:00:00', '2003-11-26 18:00:00'),
(677, 72, '2005-02-03 18:00:00', '2005-02-08 18:00:00'),
(678, 72, '2004-03-11 18:00:00', '2004-03-18 18:00:00'),
(679, 73, '2004-09-14 18:00:00', '2004-09-21 18:00:00'),
(680, 73, '2004-08-21 18:00:00', '2004-09-04 18:00:00'),
(681, 73, '2005-05-05 18:00:00', NULL),
(682, 73, '2004-12-28 18:00:00', '2005-01-01 18:00:00'),
(683, 73, '2003-10-29 18:00:00', '2003-11-05 18:00:00'),
(684, 73, '2004-06-02 18:00:00', '2004-06-12 18:00:00'),
(685, 73, '2004-01-16 18:00:00', '2004-01-28 18:00:00'),
(686, 74, '2005-04-21 18:00:00', '2005-04-28 18:00:00'),
(687, 74, '2005-03-19 18:00:00', '2005-03-23 18:00:00'),
(688, 74, '2004-11-11 18:00:00', '2004-11-17 18:00:00'),
(689, 74, '2005-02-24 18:00:00', '2005-02-26 18:00:00'),
(690, 75, '2003-12-02 18:00:00', '2003-12-09 18:00:00'),
(691, 75, '2003-11-08 18:00:00', '2003-11-15 18:00:00'),
(692, 75, '2003-08-01 18:00:00', '2003-08-30 18:00:00'),
(693, 75, '2005-01-07 18:00:00', '2005-01-14 18:00:00'),
(694, 75, '2003-10-15 18:00:00', '2003-10-23 18:00:00'),
(695, 75, '2004-11-26 18:00:00', '2004-12-01 18:00:00'),
(696, 75, '2005-03-24 18:00:00', '2005-04-02 18:00:00'),
(697, 75, '2003-12-17 18:00:00', '2003-12-23 18:00:00'),
(698, 75, '2004-01-31 18:00:00', '2004-02-07 18:00:00'),
(699, 76, '2005-04-19 18:00:00', '2005-04-23 18:00:00'),
(700, 76, '2005-01-21 18:00:00', '2005-01-22 18:00:00'),
(701, 76, '2003-09-10 18:00:00', '2003-10-09 18:00:00'),
(702, 76, '2004-03-03 18:00:00', '2004-03-05 18:00:00'),
(703, 76, '2004-12-04 18:00:00', '2004-12-14 18:00:00'),
(704, 76, '2004-03-13 18:00:00', '2004-04-03 18:00:00'),
(705, 76, '2005-01-19 18:00:00', '2005-01-28 18:00:00'),
(706, 76, '2005-02-11 18:00:00', '2005-02-17 18:00:00'),
(707, 76, '2004-02-26 18:00:00', '2004-03-03 18:00:00'),
(708, 76, '2003-07-09 18:00:00', '2003-07-11 18:00:00'),
(709, 76, '2005-04-20 18:00:00', '2005-04-29 18:00:00'),
(710, 76, '2005-03-05 18:00:00', '2005-03-17 18:00:00'),
(711, 77, '2004-12-29 18:00:00', '2005-01-08 18:00:00'),
(712, 77, '2004-10-16 18:00:00', '2004-11-04 18:00:00'),
(713, 77, '2005-03-31 18:00:00', '2005-04-02 18:00:00'),
(714, 77, '2003-09-20 18:00:00', '2003-09-27 18:00:00'),
(715, 78, '2004-08-06 18:00:00', '2004-08-18 18:00:00'),
(716, 78, '2004-12-11 18:00:00', '2004-12-25 18:00:00'),
(717, 78, '2005-04-05 18:00:00', '2005-04-07 18:00:00'),
(718, 79, '2004-07-22 18:00:00', '2004-07-31 18:00:00'),
(719, 79, '2004-02-06 18:00:00', '2004-02-14 18:00:00'),
(720, 79, '2005-03-22 18:00:00', '2005-04-01 18:00:00'),
(721, 79, '2004-02-14 18:00:00', '2004-02-19 18:00:00'),
(722, 79, '2004-05-25 18:00:00', '2004-06-01 18:00:00'),
(723, 79, '2003-07-05 18:00:00', '2003-07-10 18:00:00'),
(724, 80, '2003-10-02 18:00:00', '2003-10-11 18:00:00'),
(725, 80, '2005-01-19 18:00:00', '2005-01-28 18:00:00'),
(726, 80, '2004-06-22 18:00:00', '2004-06-29 18:00:00'),
(727, 80, '2005-02-26 18:00:00', '2005-03-01 18:00:00'),
(728, 80, '2003-09-12 18:00:00', '2003-09-17 18:00:00'),
(729, 80, '2003-08-29 18:00:00', '2003-09-11 18:00:00'),
(730, 80, '2003-08-08 18:00:00', '2003-08-14 18:00:00'),
(731, 80, '2004-04-24 18:00:00', '2004-05-04 18:00:00'),
(732, 80, '2005-05-03 18:00:00', '2005-05-05 18:00:00'),
(733, 80, '2004-09-21 18:00:00', '2004-09-28 18:00:00'),
(734, 81, '2005-01-18 18:00:00', '2005-01-21 18:00:00'),
(735, 81, '2005-01-14 18:00:00', '2005-01-18 18:00:00'),
(736, 81, '2003-08-28 18:00:00', '2003-09-02 18:00:00'),
(737, 81, '2004-07-21 18:00:00', '2004-07-30 18:00:00'),
(738, 81, '2004-04-03 18:00:00', '2004-04-06 18:00:00'),
(739, 81, '2005-01-12 18:00:00', '2005-01-20 18:00:00'),
(740, 82, '2004-06-22 18:00:00', '2004-06-29 18:00:00'),
(741, 82, '2004-06-18 18:00:00', '2004-06-29 18:00:00'),
(742, 82, '2005-01-07 18:00:00', '2005-01-15 18:00:00'),
(743, 83, '2005-03-11 18:00:00', '2005-03-18 18:00:00'),
(744, 83, '2004-09-30 18:00:00', '2004-10-06 18:00:00'),
(745, 83, '2005-04-01 18:00:00', '2005-04-08 18:00:00'),
(746, 83, '2005-03-02 18:00:00', '2005-03-08 18:00:00'),
(747, 83, '2004-11-16 18:00:00', '2004-11-23 18:00:00'),
(748, 83, '2004-12-07 18:00:00', '2004-12-11 18:00:00'),
(749, 83, '2004-07-06 18:00:00', '2004-07-15 18:00:00'),
(750, 83, '2003-11-28 18:00:00', '2003-12-02 18:00:00'),
(751, 83, '2004-07-16 18:00:00', '2004-07-21 18:00:00'),
(752, 83, '2004-03-04 18:00:00', '2004-03-13 18:00:00'),
(753, 83, '2003-12-31 18:00:00', '2004-01-08 18:00:00'),
(754, 84, '2004-03-17 18:00:00', '2004-03-25 18:00:00'),
(755, 84, '2004-02-27 18:00:00', '2004-02-28 18:00:00'),
(756, 84, '2005-01-20 18:00:00', '2005-01-25 18:00:00'),
(757, 84, '2004-12-30 18:00:00', '2005-01-04 18:00:00'),
(758, 84, '2003-07-08 18:00:00', '2003-07-15 18:00:00'),
(759, 84, '2004-02-19 18:00:00', '2004-03-10 18:00:00'),
(760, 84, '2004-05-22 18:00:00', '2004-05-26 18:00:00'),
(761, 84, '2005-01-22 18:00:00', '2005-01-29 18:00:00'),
(762, 84, '2005-01-04 18:00:00', '2005-01-13 18:00:00'),
(763, 84, '2003-10-21 18:00:00', '2003-10-28 18:00:00'),
(764, 85, '2003-09-02 18:00:00', '2003-09-10 18:00:00'),
(765, 85, '2003-08-06 18:00:00', '2003-08-16 18:00:00'),
(766, 85, '2004-11-11 18:00:00', '2004-11-16 18:00:00'),
(767, 85, '2003-07-04 18:00:00', '2003-07-16 18:00:00'),
(768, 85, '2004-11-10 18:00:00', '2004-11-17 18:00:00'),
(769, 86, '2003-09-23 18:00:00', '2003-10-03 18:00:00'),
(770, 86, '2004-08-20 18:00:00', '2004-08-27 18:00:00'),
(771, 86, '2004-08-13 18:00:00', '2004-08-18 18:00:00'),
(772, 86, '2003-11-07 18:00:00', '2003-11-15 18:00:00'),
(773, 86, '2004-08-31 18:00:00', '2004-09-10 18:00:00'),
(774, 86, '2004-04-21 18:00:00', '2004-04-27 18:00:00'),
(775, 86, '2005-04-22 18:00:00', '2005-04-23 18:00:00'),
(776, 86, '2004-09-14 18:00:00', '2004-09-22 18:00:00'),
(777, 86, '2003-11-18 18:00:00', '2003-11-27 18:00:00'),
(778, 86, '2003-09-09 18:00:00', '2003-09-17 18:00:00'),
(779, 87, '2004-02-05 18:00:00', '2004-02-12 18:00:00'),
(780, 87, '2004-11-20 18:00:00', '2004-11-23 18:00:00'),
(781, 87, '2004-12-16 18:00:00', '2004-12-18 18:00:00'),
(782, 87, '2005-04-14 18:00:00', '2005-04-23 18:00:00'),
(783, 87, '2003-10-03 18:00:00', '2003-10-18 18:00:00'),
(784, 87, '2003-10-18 18:00:00', '2003-10-25 18:00:00'),
(785, 87, '2004-08-18 18:00:00', '2004-08-25 18:00:00'),
(786, 87, '2004-02-24 18:00:00', '2004-03-02 18:00:00'),
(787, 87, '2003-08-01 18:00:00', '2003-08-02 18:00:00'),
(788, 87, '2004-06-29 18:00:00', '2004-07-03 18:00:00'),
(789, 87, '2004-05-29 18:00:00', '2004-06-02 18:00:00'),
(790, 87, '2004-01-16 18:00:00', '2004-01-27 18:00:00'),
(791, 87, '2004-01-13 18:00:00', '2004-01-15 18:00:00'),
(792, 87, '2003-07-26 18:00:00', '2003-07-31 18:00:00'),
(793, 87, '2004-05-04 18:00:00', '2004-05-14 18:00:00'),
(794, 88, '2004-12-29 18:00:00', '2005-01-05 18:00:00'),
(795, 88, '2003-07-15 18:00:00', '2003-07-17 18:00:00'),
(796, 88, '2004-12-31 18:00:00', '2005-01-06 18:00:00'),
(797, 88, '2005-02-19 18:00:00', '2005-03-03 18:00:00'),
(798, 88, '2004-08-24 18:00:00', '2004-08-31 18:00:00'),
(799, 88, '2004-06-30 18:00:00', '2004-07-09 18:00:00'),
(800, 88, '2005-03-08 18:00:00', '2005-03-17 18:00:00'),
(801, 88, '2005-02-23 18:00:00', '2005-03-05 18:00:00'),
(802, 88, '2004-01-21 18:00:00', '2004-01-27 18:00:00'),
(803, 89, '2004-10-07 18:00:00', '2004-10-13 18:00:00'),
(804, 89, '2004-04-10 18:00:00', '2004-04-17 18:00:00'),
(805, 89, '2005-01-29 18:00:00', '2005-02-16 18:00:00'),
(806, 89, '2005-04-30 18:00:00', '2005-05-03 18:00:00'),
(807, 89, '2004-10-29 18:00:00', '2004-11-24 18:00:00'),
(808, 89, '2004-03-23 18:00:00', '2004-04-24 18:00:00'),
(809, 89, '2005-02-23 18:00:00', '2005-02-26 18:00:00'),
(810, 89, '2003-07-31 18:00:00', '2003-08-09 18:00:00'),
(811, 89, '2004-07-10 18:00:00', '2004-08-11 18:00:00'),
(812, 89, '2005-04-16 18:00:00', '2005-04-22 18:00:00'),
(813, 89, '2004-10-05 18:00:00', '2004-10-09 18:00:00'),
(814, 89, '2003-11-01 18:00:00', '2003-11-05 18:00:00'),
(815, 89, '2004-11-12 18:00:00', '2004-11-24 18:00:00'),
(816, 89, '2004-03-09 18:00:00', '2004-03-13 18:00:00'),
(817, 90, '2005-02-05 18:00:00', '2005-02-08 18:00:00'),
(818, 90, '2004-10-06 18:00:00', '2004-10-13 18:00:00'),
(819, 90, '2005-04-06 18:00:00', '2005-04-09 18:00:00'),
(820, 90, '2004-09-17 18:00:00', '2004-09-18 18:00:00'),
(821, 90, '2005-02-25 18:00:00', '2005-03-03 18:00:00'),
(822, 90, '2004-07-29 18:00:00', '2004-08-05 18:00:00'),
(823, 90, '2005-02-09 18:00:00', '2005-02-11 18:00:00'),
(824, 91, '2005-04-02 18:00:00', '2005-04-16 18:00:00'),
(825, 91, '2003-12-05 18:00:00', '2003-12-09 18:00:00'),
(826, 91, '2004-12-22 18:00:00', '2004-12-30 18:00:00'),
(827, 91, '2005-04-22 18:00:00', '2005-04-30 18:00:00'),
(828, 91, '2005-02-24 18:00:00', '2005-03-02 18:00:00'),
(829, 91, '2004-07-24 18:00:00', '2004-07-31 18:00:00'),
(830, 91, '2005-02-03 18:00:00', '2005-02-12 18:00:00');

-- --------------------------------------------------------

--
-- Table structure for table `bestellungendetails`
--

CREATE TABLE `bestellungendetails` (
  `BestellNr` int(11) NOT NULL,
  `ArtikelNr` int(11) NOT NULL,
  `Anzahl` int(11) NOT NULL DEFAULT 1
) ENGINE=InnoDB DEFAULT CHARSET=utf8;

--
-- Dumping data for table `bestellungendetails`
--

INSERT INTO `bestellungendetails` (`BestellNr`, `ArtikelNr`, `Anzahl`) VALUES
(1, 8, 12),
(1, 11, 12),
(1, 12, 9),
(1, 17, 2),
(1, 42, 10),
(1, 72, 5),
(2, 14, 9),
(2, 51, 40),
(3, 41, 10),
(3, 51, 35),
(3, 65, 15),
(4, 22, 6),
(4, 57, 15),
(4, 65, 20),
(5, 20, 40),
(5, 33, 25),
(5, 60, 40),
(6, 31, 20),
(6, 39, 42),
(6, 49, 40),
(7, 24, 15),
(7, 55, 21),
(7, 74, 21),
(8, 2, 20),
(8, 16, 35),
(8, 36, 25),
(8, 59, 30),
(9, 53, 15),
(9, 77, 12),
(10, 27, 25),
(10, 39, 6),
(10, 77, 15),
(11, 2, 50),
(11, 5, 65),
(11, 32, 6),
(12, 21, 10),
(12, 37, 1),
(13, 41, 16),
(13, 57, 50),
(13, 62, 15),
(13, 70, 21),
(14, 21, 20),
(14, 35, 20),
(15, 5, 12),
(15, 7, 15),
(15, 56, 2),
(16, 16, 60),
(16, 24, 28),
(16, 30, 60),
(16, 74, 36),
(17, 2, 35),
(17, 41, 25),
(18, 17, 30),
(18, 70, 20),
(19, 12, 12),
(20, 40, 50),
(20, 59, 70),
(20, 76, 15),
(21, 29, 10),
(21, 72, 4),
(22, 33, 60),
(22, 72, 20),
(23, 36, 30),
(23, 43, 25),
(24, 33, 24),
(25, 20, 6),
(25, 31, 40),
(25, 72, 24),
(26, 10, 24),
(26, 31, 15),
(26, 33, 20),
(26, 40, 60),
(26, 76, 33),
(27, 71, 20),
(27, 72, 7),
(28, 24, 12),
(28, 59, 6),
(29, 10, 15),
(29, 13, 10),
(30, 28, 20),
(30, 62, 12),
(31, 44, 16),
(31, 59, 15),
(31, 63, 8),
(31, 73, 25),
(32, 17, 15),
(33, 24, 12),
(33, 55, 20),
(33, 75, 30),
(34, 19, 1),
(34, 24, 6),
(34, 35, 4),
(35, 30, 6),
(35, 57, 2),
(36, 15, 20),
(36, 19, 18),
(36, 60, 35),
(36, 72, 3),
(37, 27, 15),
(37, 44, 21),
(37, 60, 20),
(37, 67, 5),
(38, 1, 45),
(38, 40, 40),
(38, 53, 36),
(39, 35, 100),
(39, 62, 40),
(40, 16, 40),
(40, 34, 20),
(40, 46, 15),
(41, 54, 10),
(41, 68, 3),
(42, 3, 30),
(42, 64, 9),
(43, 5, 20),
(43, 29, 15),
(43, 49, 15),
(43, 77, 10),
(44, 13, 20),
(44, 44, 24),
(44, 51, 2),
(45, 20, 20),
(46, 18, 12),
(46, 24, 10),
(46, 63, 5),
(46, 75, 6),
(47, 1, 18),
(47, 17, 15),
(47, 43, 15),
(47, 60, 21),
(47, 75, 6),
(48, 56, 4),
(49, 11, 12),
(49, 16, 30),
(49, 69, 15),
(50, 39, 60),
(50, 72, 20),
(51, 2, 40),
(51, 36, 40),
(51, 59, 30),
(51, 62, 15),
(52, 19, 15),
(52, 70, 20),
(53, 66, 30),
(53, 68, 20),
(54, 40, 10),
(54, 56, 20),
(55, 17, 40),
(55, 28, 28),
(55, 43, 12),
(56, 40, 40),
(56, 65, 30),
(56, 68, 15),
(57, 49, 30),
(57, 59, 10),
(57, 71, 2),
(58, 18, 25),
(58, 29, 25),
(58, 39, 30),
(59, 30, 10),
(59, 53, 10),
(59, 54, 5),
(60, 62, 10),
(60, 68, 3),
(61, 69, 1),
(61, 70, 5),
(62, 4, 20),
(62, 6, 30),
(62, 42, 2),
(62, 43, 20),
(62, 71, 3),
(63, 16, 10),
(63, 62, 5),
(64, 42, 6),
(64, 69, 7),
(65, 28, 4),
(65, 43, 24),
(65, 53, 20),
(65, 75, 10),
(66, 36, 12),
(67, 32, 40),
(67, 58, 30),
(67, 62, 25),
(68, 34, 14),
(68, 70, 30),
(69, 41, 10),
(69, 62, 70),
(70, 1, 20),
(71, 41, 20),
(71, 76, 6),
(72, 17, 8),
(72, 28, 14),
(72, 76, 30),
(73, 71, 30),
(74, 35, 10),
(75, 52, 20),
(76, 15, 5),
(76, 25, 4),
(76, 39, 4),
(77, 16, 21),
(77, 35, 70),
(77, 46, 30),
(77, 59, 40),
(77, 63, 80),
(78, 6, 6),
(78, 13, 12),
(78, 14, 9),
(78, 31, 4),
(78, 72, 40),
(79, 4, 24),
(79, 57, 16),
(79, 75, 50),
(80, 2, 25),
(80, 11, 50),
(80, 30, 35),
(80, 58, 30),
(81, 59, 9),
(81, 65, 40),
(81, 68, 10),
(82, 19, 10),
(82, 30, 8),
(82, 38, 20),
(82, 56, 12),
(83, 26, 50),
(83, 72, 25),
(84, 54, 15),
(85, 18, 40),
(85, 42, 10),
(85, 47, 16),
(86, 14, 10),
(86, 21, 10),
(86, 71, 40),
(87, 52, 8),
(87, 68, 10),
(88, 2, 7),
(88, 31, 25),
(88, 32, 6),
(88, 51, 48),
(89, 4, 18),
(90, 23, 40),
(90, 26, 24),
(90, 36, 20),
(90, 37, 28),
(90, 72, 25),
(91, 17, 20),
(91, 30, 15),
(92, 4, 10),
(92, 17, 70),
(92, 62, 28),
(93, 18, 20),
(93, 41, 12),
(93, 43, 40),
(94, 33, 8),
(94, 59, 9),
(95, 2, 24),
(95, 31, 56),
(95, 36, 40),
(95, 55, 40),
(96, 64, 50),
(96, 68, 4),
(96, 76, 15),
(97, 4, 35),
(97, 8, 70),
(98, 8, 70),
(98, 19, 80),
(98, 42, 9),
(99, 17, 36),
(99, 56, 20),
(100, 25, 10),
(100, 39, 50),
(100, 40, 4),
(100, 75, 6),
(101, 1, 15),
(101, 23, 25),
(102, 54, 24),
(103, 50, 15),
(103, 69, 18),
(104, 38, 20),
(104, 41, 13),
(104, 44, 77),
(104, 65, 10),
(105, 24, 10),
(105, 54, 20),
(106, 11, 12),
(106, 38, 50),
(107, 1, 12),
(107, 29, 4),
(108, 24, 25),
(108, 57, 25),
(109, 31, 30),
(109, 55, 12),
(109, 69, 20),
(110, 10, 30),
(110, 26, 16),
(110, 60, 8),
(111, 24, 10),
(111, 34, 10),
(111, 36, 20),
(112, 16, 56),
(112, 31, 70),
(112, 60, 80),
(113, 28, 30),
(113, 29, 35),
(113, 38, 10),
(113, 49, 35),
(113, 54, 28),
(114, 39, 54),
(114, 60, 55),
(115, 25, 50),
(115, 51, 20),
(115, 54, 24),
(116, 31, 20),
(116, 75, 12),
(116, 76, 12),
(117, 69, 30),
(117, 71, 5),
(118, 11, 24),
(119, 65, 5),
(119, 77, 5),
(120, 34, 36),
(120, 54, 18),
(120, 65, 15),
(120, 77, 7),
(121, 21, 5),
(121, 28, 13),
(121, 57, 25),
(121, 64, 35),
(122, 29, 20),
(122, 56, 18),
(123, 1, 15),
(123, 64, 30),
(123, 74, 20),
(124, 36, 6),
(125, 20, 12),
(125, 38, 40),
(125, 60, 70),
(125, 72, 42),
(126, 58, 80),
(126, 71, 50),
(127, 31, 30),
(127, 58, 15),
(128, 14, 15),
(128, 54, 10),
(129, 31, 42),
(130, 28, 20),
(130, 39, 20),
(131, 71, 6),
(132, 41, 8),
(132, 63, 16),
(132, 65, 20),
(133, 30, 18),
(133, 53, 20),
(133, 60, 6),
(133, 70, 30),
(134, 74, 14),
(135, 5, 32),
(135, 18, 9),
(135, 29, 14),
(135, 33, 60),
(135, 74, 50),
(136, 13, 20),
(136, 50, 15),
(136, 56, 20),
(137, 20, 28),
(137, 60, 15),
(138, 7, 10),
(138, 60, 20),
(138, 68, 8),
(139, 24, 15),
(139, 34, 10),
(140, 24, 15),
(140, 28, 6),
(140, 59, 12),
(140, 71, 15),
(141, 45, 15),
(141, 52, 20),
(141, 53, 40),
(142, 10, 16),
(142, 55, 15),
(142, 62, 20),
(142, 70, 30),
(143, 31, 60),
(143, 35, 40),
(143, 46, 45),
(143, 72, 24),
(144, 13, 18),
(145, 69, 50),
(146, 2, 25),
(146, 14, 42),
(146, 25, 7),
(146, 26, 70),
(146, 31, 32),
(147, 13, 10),
(147, 62, 10),
(148, 46, 28),
(148, 53, 70),
(148, 69, 8),
(149, 23, 40),
(149, 71, 60),
(149, 72, 21),
(150, 21, 10),
(150, 51, 18),
(151, 35, 30),
(151, 55, 120),
(152, 68, 60),
(152, 71, 30),
(152, 76, 35),
(152, 77, 14),
(153, 29, 21),
(153, 35, 35),
(153, 49, 30),
(154, 30, 18),
(154, 56, 70),
(154, 65, 20),
(154, 71, 60),
(155, 23, 60),
(155, 63, 65),
(156, 16, 21),
(156, 48, 70),
(157, 26, 30),
(157, 42, 40),
(157, 49, 30),
(158, 3, 50),
(159, 1, 10),
(159, 21, 30),
(159, 28, 42),
(159, 36, 5),
(159, 40, 2),
(160, 11, 30),
(160, 69, 15),
(160, 71, 15),
(161, 37, 10),
(161, 54, 6),
(161, 62, 35),
(162, 14, 12),
(162, 21, 12),
(163, 33, 49),
(163, 59, 16),
(164, 41, 25),
(164, 44, 40),
(164, 59, 9),
(165, 14, 20),
(166, 1, 24),
(166, 62, 40),
(166, 76, 14),
(167, 19, 18),
(167, 33, 50),
(168, 17, 2),
(168, 33, 20),
(169, 19, 20),
(169, 53, 10),
(169, 57, 20),
(170, 38, 50),
(170, 46, 2),
(170, 68, 36),
(170, 77, 35),
(171, 2, 60),
(171, 47, 55),
(171, 61, 16),
(171, 74, 15),
(172, 60, 60),
(172, 69, 20),
(173, 9, 20),
(173, 13, 2),
(173, 70, 8),
(173, 73, 20),
(174, 19, 4),
(174, 26, 30),
(174, 53, 15),
(174, 77, 10),
(175, 26, 2),
(176, 31, 14),
(176, 59, 20),
(177, 35, 60),
(177, 38, 49),
(177, 68, 30),
(178, 55, 10),
(178, 76, 20),
(179, 56, 5),
(179, 64, 7),
(180, 14, 35),
(181, 46, 20),
(182, 50, 40),
(182, 63, 35),
(183, 17, 45),
(183, 21, 50),
(183, 56, 30),
(183, 59, 70),
(184, 17, 50),
(184, 40, 50),
(184, 47, 30),
(185, 26, 10),
(185, 54, 40),
(186, 56, 28),
(187, 11, 6),
(187, 76, 18),
(188, 2, 10),
(188, 22, 12),
(188, 72, 10),
(189, 46, 5),
(189, 56, 40),
(189, 64, 30),
(189, 75, 24),
(190, 53, 15),
(191, 19, 15),
(191, 34, 20),
(191, 57, 15),
(192, 12, 15),
(192, 16, 16),
(192, 64, 6),
(192, 74, 30),
(193, 2, 45),
(193, 16, 49),
(193, 29, 24),
(193, 61, 90),
(194, 27, 50),
(195, 11, 30),
(195, 54, 80),
(195, 66, 60),
(196, 11, 6),
(196, 28, 12),
(197, 17, 10),
(197, 26, 15),
(197, 35, 8),
(197, 41, 30),
(198, 39, 6),
(198, 54, 15),
(199, 19, 12),
(199, 24, 20),
(199, 31, 3),
(199, 52, 15),
(200, 19, 40),
(200, 65, 35),
(200, 71, 2),
(201, 26, 6),
(201, 40, 20),
(202, 10, 14),
(202, 52, 20),
(202, 62, 35),
(203, 10, 20),
(203, 54, 6),
(204, 55, 120),
(204, 64, 35),
(204, 65, 28),
(204, 77, 55),
(205, 28, 15),
(205, 44, 100),
(206, 48, 15),
(206, 70, 25),
(207, 16, 20),
(207, 33, 20),
(207, 46, 10),
(208, 39, 20),
(208, 53, 50),
(208, 61, 25),
(208, 71, 30),
(209, 21, 40),
(209, 49, 21),
(210, 59, 36),
(211, 26, 30),
(211, 28, 30),
(211, 43, 20),
(211, 56, 15),
(211, 71, 50),
(212, 7, 16),
(212, 46, 20),
(212, 72, 40),
(213, 68, 21),
(213, 75, 4),
(214, 21, 40),
(214, 30, 28),
(214, 55, 60),
(215, 13, 1),
(215, 23, 21),
(216, 19, 21),
(216, 42, 50),
(217, 4, 16),
(217, 43, 3),
(217, 56, 30),
(217, 60, 20),
(218, 24, 25),
(218, 29, 18),
(218, 40, 20),
(218, 45, 30),
(218, 50, 25),
(219, 11, 10),
(219, 46, 5),
(220, 24, 28),
(220, 25, 12),
(221, 30, 8),
(221, 43, 15),
(222, 2, 40),
(222, 16, 35),
(222, 44, 2),
(223, 18, 30),
(223, 23, 15),
(223, 64, 8),
(224, 7, 30),
(224, 56, 20),
(225, 24, 80),
(225, 51, 18),
(226, 33, 12),
(226, 71, 12),
(227, 14, 12),
(227, 28, 18),
(227, 40, 21),
(227, 75, 10),
(228, 31, 35),
(228, 66, 60),
(228, 76, 42),
(229, 55, 2),
(229, 70, 12),
(230, 1, 15),
(230, 21, 21),
(230, 39, 20),
(231, 10, 20),
(232, 38, 30),
(232, 53, 28),
(232, 59, 60),
(232, 64, 30),
(233, 47, 30),
(233, 59, 12),
(234, 49, 24),
(234, 60, 40),
(235, 40, 10),
(236, 34, 35),
(236, 77, 30),
(237, 21, 14),
(237, 40, 10),
(237, 51, 3),
(238, 2, 20),
(238, 3, 20),
(238, 55, 30),
(238, 70, 60),
(239, 11, 5),
(239, 51, 25),
(239, 74, 16),
(240, 19, 5),
(240, 26, 30),
(240, 54, 24),
(241, 59, 30),
(241, 73, 20),
(242, 11, 15),
(242, 16, 18),
(243, 59, 60),
(243, 68, 30),
(243, 75, 36),
(244, 44, 15),
(244, 77, 7),
(245, 25, 60),
(245, 42, 20),
(246, 65, 15),
(246, 66, 10),
(246, 69, 10),
(247, 56, 30),
(248, 23, 10),
(248, 41, 20),
(248, 77, 5),
(249, 31, 20),
(250, 56, 14),
(250, 72, 25),
(250, 77, 25),
(251, 24, 14),
(251, 40, 5),
(251, 42, 30),
(252, 28, 20),
(252, 49, 25),
(253, 15, 12),
(253, 28, 8),
(254, 54, 20),
(255, 45, 21),
(255, 53, 6),
(255, 67, 30),
(256, 14, 70),
(256, 65, 20),
(257, 2, 12),
(257, 21, 12),
(257, 53, 10),
(257, 61, 25),
(258, 62, 3),
(259, 25, 18),
(259, 70, 14),
(260, 43, 15),
(260, 48, 15),
(261, 13, 10),
(261, 39, 10),
(262, 28, 3),
(263, 29, 36),
(263, 75, 36),
(264, 4, 50),
(264, 7, 50),
(264, 8, 10),
(265, 24, 10),
(265, 46, 9),
(265, 47, 6),
(265, 60, 12),
(266, 21, 40),
(266, 32, 50),
(266, 61, 15),
(267, 20, 39),
(267, 28, 35),
(267, 56, 70),
(267, 65, 39),
(267, 75, 50),
(268, 9, 16),
(268, 16, 50),
(268, 27, 120),
(268, 33, 16),
(268, 60, 84),
(269, 18, 25),
(269, 41, 80),
(269, 42, 20),
(270, 52, 6),
(270, 59, 4),
(270, 70, 6),
(271, 24, 5),
(271, 38, 15),
(271, 44, 9),
(272, 10, 16),
(272, 56, 40),
(272, 60, 10),
(273, 24, 8),
(273, 53, 5),
(274, 35, 3),
(274, 41, 10),
(274, 68, 6),
(275, 1, 40),
(275, 8, 24),
(275, 30, 20),
(275, 40, 25),
(276, 17, 25),
(276, 20, 15),
(276, 37, 18),
(276, 41, 6),
(277, 10, 2),
(277, 30, 10),
(277, 43, 60),
(277, 54, 15),
(278, 36, 30),
(278, 40, 15),
(279, 1, 8),
(279, 13, 10),
(279, 56, 30),
(280, 4, 50),
(280, 36, 30),
(281, 11, 3),
(281, 33, 8),
(281, 72, 9),
(282, 55, 14),
(282, 68, 20),
(282, 69, 10),
(283, 17, 40),
(283, 43, 25),
(283, 61, 20),
(283, 76, 50),
(284, 59, 2),
(285, 30, 15),
(285, 66, 24),
(286, 4, 50),
(286, 72, 24),
(286, 73, 24),
(287, 30, 10),
(287, 40, 10),
(287, 54, 10),
(288, 11, 50),
(288, 40, 10),
(288, 57, 5),
(288, 59, 15),
(289, 12, 15),
(289, 31, 20),
(289, 33, 30),
(289, 60, 35),
(290, 31, 30),
(290, 51, 6),
(290, 58, 20),
(290, 72, 21),
(290, 73, 9),
(291, 70, 7),
(291, 72, 1),
(292, 13, 8),
(292, 21, 15),
(292, 33, 15),
(292, 49, 6),
(293, 3, 60),
(293, 26, 40),
(293, 38, 30),
(293, 68, 35),
(294, 24, 35),
(294, 38, 4),
(294, 65, 36),
(294, 71, 9),
(295, 11, 15),
(295, 54, 24),
(296, 12, 30),
(296, 23, 70),
(297, 28, 7),
(297, 67, 7),
(298, 11, 10),
(299, 7, 10),
(299, 35, 30),
(299, 62, 40),
(300, 32, 24),
(300, 36, 60),
(301, 34, 10),
(301, 41, 14),
(302, 31, 55),
(302, 45, 100),
(302, 51, 48),
(303, 17, 8),
(303, 19, 10),
(303, 21, 6),
(303, 61, 10),
(304, 16, 40),
(304, 35, 20),
(304, 44, 40),
(305, 69, 18),
(305, 75, 30),
(306, 11, 15),
(306, 16, 14),
(306, 22, 24),
(306, 31, 30),
(306, 35, 6),
(307, 16, 30),
(307, 23, 20),
(307, 62, 20),
(307, 77, 10),
(308, 14, 30),
(308, 19, 35),
(308, 24, 18),
(308, 51, 20),
(308, 56, 40),
(309, 72, 24),
(310, 64, 30),
(310, 75, 20),
(311, 47, 25),
(311, 51, 20),
(311, 52, 30),
(311, 53, 18),
(311, 73, 3),
(312, 41, 12),
(312, 55, 18),
(313, 30, 20),
(313, 62, 15),
(314, 44, 10),
(314, 51, 50),
(315, 33, 20),
(315, 62, 10),
(316, 36, 25),
(316, 52, 70),
(317, 17, 16),
(317, 31, 6),
(317, 55, 25),
(318, 24, 25),
(318, 64, 18),
(319, 11, 35),
(319, 18, 18),
(319, 76, 10),
(320, 31, 60),
(320, 51, 3),
(320, 59, 40),
(321, 10, 5),
(322, 31, 35),
(322, 76, 30),
(323, 11, 15),
(323, 56, 60),
(324, 14, 11),
(324, 42, 28),
(325, 16, 12),
(325, 32, 10),
(325, 40, 50),
(325, 75, 15),
(326, 17, 18),
(326, 34, 40),
(326, 53, 25),
(327, 33, 14),
(327, 40, 2),
(327, 62, 10),
(327, 64, 6),
(328, 59, 12),
(328, 63, 6),
(328, 72, 30),
(328, 76, 10),
(329, 1, 10),
(329, 31, 20),
(329, 44, 21),
(330, 39, 10),
(330, 75, 20),
(330, 77, 18),
(331, 35, 20),
(331, 57, 6),
(332, 15, 10),
(332, 75, 21),
(333, 14, 15),
(333, 41, 9),
(333, 65, 30),
(334, 75, 50),
(335, 57, 4),
(335, 76, 14),
(336, 29, 10),
(336, 60, 24),
(336, 69, 10),
(337, 31, 50),
(338, 47, 15),
(339, 52, 4),
(340, 26, 6),
(340, 35, 20),
(340, 77, 20),
(341, 18, 40),
(341, 42, 100),
(342, 35, 4),
(343, 1, 20),
(343, 77, 60),
(344, 3, 14),
(344, 7, 10),
(344, 54, 50),
(345, 15, 25),
(345, 26, 5),
(346, 20, 21),
(346, 69, 20),
(346, 76, 4),
(347, 52, 24),
(347, 58, 30),
(348, 35, 30),
(348, 61, 120),
(348, 69, 65),
(349, 56, 5),
(349, 63, 24),
(349, 75, 30),
(350, 24, 35),
(350, 57, 20),
(350, 65, 12),
(351, 27, 50),
(351, 71, 9),
(352, 62, 10),
(353, 54, 4),
(353, 73, 30),
(354, 13, 60),
(354, 59, 35),
(355, 77, 5),
(356, 22, 48),
(356, 49, 25),
(357, 48, 6),
(357, 76, 10),
(358, 16, 30),
(358, 59, 20),
(358, 60, 70),
(358, 71, 15),
(359, 4, 20),
(359, 55, 20),
(359, 62, 10),
(360, 7, 45),
(360, 17, 100),
(360, 33, 14),
(360, 40, 42),
(360, 72, 12),
(361, 56, 28),
(362, 1, 3),
(362, 10, 10),
(362, 21, 6),
(363, 36, 21),
(364, 1, 6),
(364, 2, 10),
(364, 60, 15),
(365, 10, 70),
(365, 36, 55),
(365, 49, 18),
(365, 60, 40),
(365, 76, 80),
(366, 13, 8),
(366, 75, 40),
(367, 11, 14),
(367, 21, 8),
(367, 39, 5),
(368, 55, 5),
(369, 38, 15),
(369, 56, 14),
(369, 70, 15),
(369, 71, 15),
(370, 59, 30),
(371, 6, 70),
(371, 56, 20),
(371, 68, 15),
(372, 21, 42),
(372, 22, 40),
(373, 24, 5),
(373, 52, 5),
(374, 19, 5),
(374, 23, 10),
(374, 70, 20),
(374, 71, 15),
(375, 2, 20),
(375, 68, 18),
(376, 14, 21),
(376, 19, 15),
(376, 21, 25),
(376, 24, 3),
(376, 35, 30),
(377, 28, 10),
(377, 29, 6),
(377, 44, 10),
(378, 14, 3),
(378, 42, 5),
(378, 60, 10),
(379, 53, 12),
(379, 60, 20),
(379, 71, 20),
(380, 62, 15),
(380, 73, 35),
(381, 1, 25),
(382, 29, 20),
(382, 64, 9),
(383, 55, 12),
(383, 76, 35),
(384, 75, 8),
(385, 2, 30),
(385, 33, 20),
(386, 12, 36),
(386, 13, 13),
(386, 26, 35),
(386, 62, 80),
(387, 7, 35),
(387, 18, 50),
(387, 51, 15),
(387, 75, 2),
(388, 4, 10),
(388, 5, 15),
(388, 22, 40),
(389, 4, 25),
(389, 58, 6),
(390, 11, 10),
(390, 50, 25),
(390, 56, 60),
(391, 45, 20),
(391, 65, 21),
(391, 72, 60),
(392, 18, 8),
(393, 69, 20),
(393, 70, 15),
(394, 2, 50),
(394, 40, 60),
(395, 21, 30),
(395, 61, 20),
(396, 28, 15),
(396, 39, 21),
(396, 46, 2),
(397, 18, 4),
(397, 43, 20),
(397, 46, 21),
(398, 18, 20),
(398, 36, 15),
(399, 1, 15),
(399, 10, 18),
(399, 71, 30),
(399, 77, 35),
(400, 19, 30),
(400, 39, 20),
(401, 22, 15),
(401, 24, 15),
(402, 28, 20),
(402, 72, 15),
(403, 30, 30),
(403, 53, 25),
(403, 54, 30),
(404, 19, 12),
(404, 22, 20),
(405, 30, 2),
(405, 42, 20),
(406, 16, 30),
(406, 60, 20),
(407, 4, 12),
(407, 39, 20),
(407, 54, 6),
(408, 41, 20),
(409, 14, 3),
(409, 44, 28),
(409, 47, 6),
(410, 15, 50),
(410, 41, 24),
(410, 46, 45),
(410, 47, 10),
(410, 56, 45),
(410, 60, 30),
(411, 21, 60),
(411, 40, 70),
(411, 60, 55),
(411, 77, 70),
(412, 31, 20),
(412, 40, 24),
(412, 70, 40),
(413, 20, 21),
(414, 39, 3),
(414, 58, 49),
(415, 68, 10),
(416, 40, 30),
(416, 42, 30),
(416, 51, 20),
(417, 10, 24),
(417, 56, 12),
(417, 65, 15),
(418, 51, 20),
(418, 59, 1),
(418, 76, 10),
(419, 29, 36),
(419, 65, 10),
(420, 69, 45),
(420, 71, 14),
(421, 31, 8),
(421, 55, 4),
(421, 64, 15),
(422, 36, 30),
(423, 23, 32),
(423, 46, 60),
(423, 67, 25),
(423, 73, 50),
(423, 75, 25),
(424, 16, 10),
(424, 62, 10),
(424, 65, 12),
(425, 38, 15),
(425, 71, 12),
(426, 16, 3),
(426, 42, 6),
(426, 43, 6),
(427, 23, 5),
(428, 14, 30),
(428, 53, 10),
(428, 58, 30),
(429, 10, 2),
(429, 19, 7),
(429, 44, 21),
(430, 26, 30),
(430, 33, 8),
(431, 12, 100),
(431, 33, 30),
(431, 41, 120),
(431, 54, 30),
(432, 59, 12),
(433, 16, 50),
(433, 31, 20),
(433, 42, 40),
(434, 19, 30),
(434, 21, 12),
(434, 64, 28),
(435, 33, 30),
(435, 66, 4),
(435, 75, 30),
(436, 52, 9),
(437, 40, 20),
(437, 47, 40),
(437, 60, 30),
(438, 10, 20),
(438, 41, 4),
(438, 47, 15),
(439, 17, 30),
(439, 26, 15),
(440, 9, 50),
(440, 29, 10),
(440, 36, 6),
(441, 10, 18),
(441, 28, 60),
(441, 34, 14),
(442, 1, 35),
(443, 56, 20),
(443, 77, 30),
(444, 1, 30),
(444, 29, 40),
(444, 43, 40),
(444, 44, 24),
(444, 62, 48),
(445, 63, 20),
(446, 9, 6),
(446, 54, 60),
(446, 69, 30),
(446, 73, 15),
(447, 7, 90),
(447, 59, 25),
(447, 70, 50),
(448, 8, 10),
(448, 12, 4),
(448, 24, 20),
(449, 17, 20),
(449, 46, 18),
(450, 19, 7),
(450, 35, 9),
(450, 58, 30),
(450, 70, 30),
(451, 11, 15),
(451, 17, 8),
(451, 29, 12),
(451, 65, 65),
(451, 70, 8),
(452, 47, 12),
(453, 1, 5),
(453, 34, 12),
(453, 68, 40),
(453, 71, 60),
(454, 59, 42),
(454, 71, 20),
(454, 76, 35),
(455, 3, 6),
(455, 76, 15),
(456, 2, 5),
(456, 59, 35),
(456, 73, 35),
(457, 4, 6),
(457, 24, 35),
(457, 48, 24),
(458, 31, 20),
(458, 32, 4),
(459, 16, 20),
(459, 43, 24),
(459, 59, 8),
(460, 55, 21),
(460, 57, 40),
(460, 70, 28),
(461, 5, 4),
(461, 36, 5),
(462, 8, 40),
(462, 51, 28),
(462, 60, 10),
(463, 19, 5),
(463, 47, 5),
(464, 19, 12),
(464, 41, 42),
(464, 53, 120),
(465, 53, 3),
(465, 56, 30),
(466, 10, 18),
(466, 26, 30),
(466, 45, 110),
(466, 46, 24),
(467, 2, 30),
(467, 17, 27),
(467, 47, 50),
(467, 56, 18),
(467, 58, 12),
(468, 10, 21),
(468, 71, 30),
(469, 21, 5),
(469, 51, 7),
(469, 61, 10),
(470, 21, 32),
(470, 54, 15),
(470, 69, 25),
(471, 12, 36),
(471, 16, 20),
(471, 36, 40),
(471, 62, 20),
(472, 18, 12),
(472, 30, 3),
(472, 54, 40),
(473, 35, 21),
(473, 71, 8),
(474, 44, 50),
(475, 2, 3),
(475, 31, 50),
(475, 68, 45),
(475, 75, 42),
(476, 26, 15),
(477, 10, 16),
(477, 61, 5),
(478, 41, 12),
(478, 52, 4),
(478, 55, 6),
(479, 4, 25),
(479, 11, 5),
(480, 17, 20),
(480, 56, 10),
(480, 59, 10),
(481, 30, 15),
(481, 40, 6),
(481, 55, 12),
(481, 60, 15),
(482, 1, 50),
(482, 21, 30),
(482, 50, 40),
(483, 16, 15),
(483, 31, 3),
(483, 65, 10),
(484, 21, 40),
(484, 51, 30),
(485, 76, 20),
(486, 14, 16),
(486, 28, 20),
(486, 52, 25),
(487, 6, 30),
(487, 30, 15),
(487, 76, 20),
(488, 61, 20),
(488, 77, 2),
(489, 65, 40),
(489, 75, 20),
(490, 13, 4),
(490, 41, 12),
(491, 16, 3),
(492, 36, 6),
(492, 52, 18),
(493, 28, 5),
(493, 35, 35),
(493, 45, 40),
(493, 56, 14),
(494, 2, 15),
(495, 3, 20),
(495, 60, 50),
(495, 72, 35),
(496, 46, 28),
(497, 40, 50),
(498, 18, 24),
(498, 44, 16),
(498, 59, 45),
(498, 72, 7),
(499, 13, 6),
(499, 42, 28),
(499, 62, 9),
(499, 69, 40),
(500, 31, 8),
(500, 41, 35),
(500, 63, 9),
(500, 69, 30),
(501, 23, 44),
(501, 40, 40),
(501, 56, 28),
(502, 56, 15),
(502, 59, 6),
(502, 76, 10),
(503, 14, 5),
(503, 45, 40),
(503, 59, 25),
(504, 26, 12),
(504, 30, 30),
(504, 50, 20),
(504, 73, 15),
(505, 1, 8),
(505, 69, 3),
(506, 45, 4),
(506, 74, 5),
(507, 40, 3),
(508, 47, 30),
(508, 56, 30),
(508, 57, 14),
(508, 69, 25),
(509, 18, 21),
(509, 36, 20),
(509, 68, 6),
(509, 69, 20),
(510, 34, 30),
(510, 59, 7),
(510, 62, 30),
(510, 64, 24),
(511, 26, 20),
(511, 52, 60),
(511, 70, 40),
(512, 32, 10),
(513, 25, 12),
(513, 27, 40),
(513, 43, 30),
(514, 25, 35),
(514, 75, 18),
(515, 39, 16),
(515, 47, 30),
(515, 51, 28),
(515, 56, 60),
(516, 21, 40),
(516, 22, 6),
(516, 24, 20),
(517, 3, 20),
(517, 39, 130),
(518, 65, 80),
(519, 2, 40),
(519, 7, 35),
(519, 68, 40),
(520, 42, 2),
(521, 22, 4),
(521, 31, 50),
(521, 60, 15),
(521, 71, 12),
(522, 41, 30),
(522, 52, 15),
(522, 61, 20),
(522, 62, 15),
(523, 11, 15),
(524, 71, 16),
(525, 29, 18),
(525, 59, 25),
(526, 17, 33),
(526, 31, 70),
(526, 75, 7),
(527, 31, 2),
(527, 66, 50),
(528, 10, 6),
(528, 67, 3),
(529, 31, 16),
(529, 42, 12),
(529, 45, 27),
(529, 51, 120),
(530, 42, 20),
(531, 41, 10),
(532, 16, 20),
(532, 62, 20),
(533, 70, 35),
(533, 77, 15),
(534, 54, 3),
(534, 56, 20),
(534, 74, 35),
(535, 31, 1),
(536, 31, 10),
(536, 38, 5),
(537, 36, 30),
(537, 39, 2),
(537, 72, 30),
(538, 10, 10),
(538, 75, 10),
(539, 8, 30),
(539, 30, 15),
(539, 75, 42),
(540, 2, 15),
(540, 29, 20),
(541, 19, 50),
(541, 75, 40),
(542, 18, 30),
(542, 35, 15),
(542, 63, 30),
(542, 68, 18),
(543, 7, 3),
(543, 56, 20),
(544, 29, 14),
(544, 41, 20),
(545, 2, 10),
(545, 54, 3),
(545, 68, 15),
(546, 41, 14),
(546, 52, 8),
(547, 14, 15),
(547, 54, 6),
(548, 16, 65),
(548, 17, 35),
(549, 26, 21),
(549, 44, 10),
(549, 64, 35),
(549, 69, 24),
(550, 11, 20),
(551, 62, 2),
(551, 72, 10),
(552, 13, 20),
(552, 24, 20),
(552, 59, 25),
(553, 11, 50),
(553, 51, 10),
(553, 54, 7),
(554, 17, 40),
(554, 29, 20),
(555, 30, 25),
(555, 51, 30),
(555, 55, 60),
(555, 62, 5),
(556, 19, 24),
(556, 25, 15),
(556, 59, 15),
(557, 10, 36),
(557, 28, 24),
(557, 49, 4),
(558, 34, 10),
(558, 38, 10),
(559, 2, 20),
(559, 65, 2),
(559, 74, 15),
(560, 40, 1),
(561, 56, 20),
(561, 76, 50),
(562, 52, 20),
(563, 13, 7),
(563, 25, 5),
(563, 70, 5),
(564, 19, 15),
(564, 23, 18),
(564, 40, 30),
(565, 31, 16),
(565, 72, 40),
(565, 77, 20),
(566, 2, 12),
(566, 46, 35),
(567, 41, 20),
(567, 43, 20),
(567, 48, 8),
(567, 61, 30),
(568, 33, 16),
(569, 38, 30),
(569, 62, 20),
(570, 26, 40),
(570, 38, 30),
(570, 40, 60),
(570, 62, 25),
(571, 32, 20),
(571, 41, 20),
(572, 43, 7),
(572, 75, 20),
(573, 56, 30),
(574, 35, 20),
(574, 51, 6),
(575, 62, 3),
(575, 70, 6),
(576, 11, 20),
(576, 57, 15),
(576, 59, 40),
(576, 77, 15),
(577, 41, 12),
(577, 70, 9),
(578, 26, 12),
(578, 53, 20),
(579, 31, 35),
(579, 57, 15),
(580, 10, 15),
(580, 39, 21),
(581, 20, 5),
(581, 38, 2),
(582, 2, 10),
(582, 8, 20),
(582, 13, 10),
(582, 60, 21),
(583, 6, 6),
(583, 39, 28),
(583, 60, 30),
(583, 68, 24),
(584, 19, 2),
(584, 35, 8),
(584, 38, 8),
(584, 43, 9),
(585, 13, 3),
(585, 25, 10),
(585, 44, 16),
(585, 64, 3),
(586, 7, 20),
(586, 31, 9),
(586, 53, 9),
(587, 29, 8),
(587, 30, 20),
(588, 59, 15),
(588, 77, 2),
(589, 22, 52),
(589, 35, 6),
(589, 57, 24),
(589, 60, 60),
(589, 64, 30),
(590, 13, 6),
(590, 40, 25),
(590, 47, 40),
(590, 76, 21),
(591, 1, 4),
(591, 18, 25),
(591, 36, 50),
(592, 58, 30),
(592, 72, 15),
(593, 25, 6),
(593, 39, 10),
(594, 10, 16),
(594, 56, 30),
(594, 59, 50),
(594, 77, 15),
(595, 11, 15),
(595, 43, 5),
(595, 68, 20),
(595, 70, 12),
(596, 51, 4),
(597, 22, 35),
(598, 23, 70),
(598, 35, 25),
(598, 42, 42),
(598, 58, 60),
(598, 64, 48),
(599, 4, 21),
(599, 70, 30),
(599, 74, 20),
(600, 1, 80),
(600, 19, 12),
(600, 37, 60),
(600, 45, 36),
(600, 60, 45),
(600, 71, 55),
(601, 5, 30),
(601, 9, 3),
(602, 3, 49),
(602, 26, 18),
(603, 25, 20),
(603, 33, 4),
(603, 70, 30),
(604, 2, 5),
(604, 25, 10),
(604, 57, 10),
(604, 59, 42),
(605, 2, 15),
(605, 17, 6),
(605, 62, 50),
(606, 18, 10),
(607, 10, 100),
(607, 13, 65),
(608, 16, 50),
(608, 31, 14),
(608, 56, 24),
(608, 65, 15),
(609, 2, 20),
(609, 42, 20),
(610, 3, 30),
(610, 26, 35),
(610, 29, 10),
(611, 7, 5),
(611, 27, 10),
(611, 70, 4),
(612, 24, 40),
(612, 54, 35),
(612, 64, 30),
(613, 51, 3),
(613, 76, 20),
(614, 17, 42),
(614, 18, 20),
(614, 21, 40),
(614, 33, 35),
(614, 62, 3),
(615, 11, 25),
(615, 52, 8),
(616, 1, 20),
(616, 58, 12),
(617, 35, 4),
(617, 67, 15),
(618, 38, 60),
(618, 39, 80),
(619, 2, 21),
(619, 24, 6),
(619, 30, 40),
(620, 53, 3),
(621, 26, 20),
(621, 35, 30),
(621, 49, 42),
(622, 1, 40),
(622, 11, 10),
(622, 23, 50),
(622, 68, 20),
(623, 35, 3),
(623, 51, 2),
(624, 6, 50),
(624, 16, 12),
(624, 17, 16),
(625, 55, 10),
(625, 62, 20),
(625, 64, 15),
(625, 65, 21),
(626, 21, 20),
(626, 28, 3),
(627, 10, 10),
(628, 19, 25),
(628, 47, 21),
(628, 49, 15),
(629, 46, 21),
(629, 64, 20),
(630, 16, 30),
(630, 18, 25),
(631, 20, 20),
(632, 40, 12),
(632, 65, 10),
(632, 76, 10),
(633, 23, 30),
(633, 61, 30),
(633, 70, 50),
(634, 73, 10),
(635, 42, 25),
(635, 49, 20),
(635, 54, 32),
(636, 24, 8),
(637, 21, 40),
(637, 56, 21),
(637, 65, 12),
(638, 2, 20),
(638, 24, 12),
(638, 70, 30),
(638, 77, 25),
(639, 10, 70),
(639, 31, 35),
(639, 77, 40),
(640, 25, 5),
(641, 2, 20),
(641, 68, 18),
(642, 11, 40),
(642, 38, 40),
(643, 17, 15),
(643, 34, 10),
(643, 41, 14),
(644, 30, 15),
(645, 59, 40),
(646, 8, 30),
(646, 24, 10),
(646, 29, 24),
(646, 30, 35),
(646, 36, 20),
(647, 13, 28),
(647, 69, 50),
(647, 75, 120),
(648, 24, 110),
(648, 39, 45),
(648, 40, 91),
(648, 60, 100),
(649, 45, 15),
(649, 56, 16),
(650, 29, 80),
(650, 30, 36),
(651, 13, 5),
(652, 39, 8),
(653, 70, 3),
(654, 41, 30),
(654, 71, 30),
(655, 55, 30),
(655, 62, 6),
(656, 13, 40),
(656, 65, 21),
(656, 68, 20),
(657, 58, 15),
(657, 62, 35),
(658, 1, 20),
(659, 61, 15),
(660, 75, 14),
(661, 7, 20),
(661, 52, 14),
(662, 7, 12),
(662, 16, 15),
(662, 41, 5),
(663, 19, 12),
(663, 49, 10),
(663, 61, 5),
(664, 1, 10),
(664, 17, 12),
(664, 67, 15),
(665, 11, 40),
(665, 29, 60),
(666, 4, 30),
(666, 33, 40),
(666, 58, 15),
(667, 71, 25),
(668, 17, 10),
(668, 33, 30),
(668, 54, 10),
(669, 16, 6),
(669, 32, 6),
(669, 57, 20),
(670, 30, 1),
(670, 60, 10),
(671, 1, 60),
(671, 60, 25),
(672, 16, 24),
(672, 25, 24),
(672, 40, 20),
(673, 50, 24),
(674, 35, 10),
(674, 63, 40),
(675, 17, 15),
(675, 24, 35),
(676, 42, 10),
(676, 43, 10),
(676, 67, 24),
(677, 10, 20),
(677, 28, 30),
(677, 75, 6),
(678, 36, 25),
(678, 52, 12),
(679, 11, 2),
(679, 13, 10),
(679, 19, 7),
(679, 72, 10),
(680, 20, 5),
(680, 52, 5),
(680, 76, 20),
(681, 47, 5),
(681, 76, 5),
(682, 21, 60),
(682, 75, 49),
(682, 77, 15),
(683, 21, 36),
(683, 27, 25),
(683, 55, 25),
(683, 58, 30),
(684, 13, 42),
(684, 57, 30),
(685, 16, 30),
(685, 62, 14),
(685, 72, 16),
(685, 75, 20),
(686, 53, 2),
(686, 61, 30),
(687, 6, 20),
(688, 1, 21),
(688, 18, 4),
(688, 23, 8),
(689, 36, 30),
(690, 28, 8),
(690, 34, 20),
(691, 13, 20),
(691, 43, 24),
(691, 60, 49),
(691, 71, 35),
(692, 2, 10),
(692, 67, 40),
(693, 7, 8),
(693, 13, 20),
(694, 31, 44),
(694, 62, 30),
(694, 68, 80),
(694, 72, 50),
(695, 49, 28),
(696, 13, 15),
(696, 22, 21),
(696, 46, 15),
(697, 11, 5),
(697, 44, 18),
(697, 56, 18),
(698, 13, 20),
(698, 31, 10),
(699, 10, 25),
(699, 24, 25),
(699, 77, 40),
(700, 59, 4),
(701, 50, 9),
(701, 51, 40),
(701, 55, 4),
(702, 6, 12),
(702, 10, 30),
(702, 17, 6),
(702, 62, 60),
(703, 4, 5),
(704, 33, 15),
(704, 41, 6),
(704, 75, 50),
(705, 6, 16),
(705, 28, 2),
(706, 20, 50),
(706, 31, 50),
(707, 16, 28),
(707, 31, 25),
(707, 45, 30),
(707, 60, 24),
(708, 75, 12),
(709, 21, 12),
(709, 47, 14),
(709, 51, 8),
(710, 30, 30),
(710, 35, 40),
(710, 64, 8),
(711, 5, 20),
(711, 7, 6),
(711, 72, 5),
(712, 75, 20),
(713, 24, 10),
(713, 41, 24),
(714, 52, 6),
(714, 76, 60),
(715, 7, 45),
(715, 13, 77),
(715, 53, 20),
(715, 69, 9),
(715, 76, 44),
(716, 60, 2),
(717, 18, 6),
(717, 38, 5),
(717, 69, 10),
(718, 51, 16),
(719, 37, 8),
(719, 56, 12),
(719, 62, 12),
(720, 19, 12),
(720, 49, 40),
(721, 12, 30),
(721, 24, 30),
(721, 64, 4),
(722, 46, 9),
(723, 52, 40),
(724, 29, 14),
(725, 17, 6),
(725, 33, 7),
(726, 26, 5),
(726, 41, 6),
(726, 75, 10),
(727, 63, 10),
(728, 8, 16),
(728, 75, 10),
(729, 28, 20),
(730, 39, 30),
(730, 47, 30),
(730, 51, 10),
(730, 63, 20),
(731, 8, 20),
(731, 21, 40),
(731, 40, 10),
(731, 44, 6),
(732, 7, 18),
(732, 12, 20),
(732, 24, 80),
(732, 27, 30),
(732, 31, 24),
(732, 63, 35),
(733, 75, 40),
(734, 38, 60),
(735, 7, 20),
(735, 43, 9),
(736, 13, 84),
(736, 57, 15),
(737, 16, 55),
(737, 24, 20),
(737, 36, 40),
(738, 16, 36),
(738, 18, 8),
(738, 32, 35),
(739, 11, 30),
(739, 20, 15),
(739, 76, 10),
(739, 77, 15),
(740, 7, 60),
(740, 43, 6),
(740, 72, 20),
(741, 7, 60),
(741, 62, 40),
(742, 6, 40),
(742, 11, 15),
(742, 41, 4),
(743, 21, 65),
(743, 34, 60),
(743, 55, 65),
(743, 61, 66),
(744, 2, 50),
(744, 70, 20),
(744, 76, 90),
(745, 72, 2),
(746, 29, 50),
(746, 41, 35),
(747, 59, 18),
(748, 51, 20),
(748, 60, 4),
(749, 42, 40),
(750, 32, 50),
(750, 46, 20),
(750, 52, 20),
(751, 24, 12),
(751, 61, 7),
(751, 74, 20),
(751, 75, 30),
(752, 41, 20),
(752, 51, 15),
(752, 77, 21),
(753, 4, 25),
(753, 24, 30),
(753, 77, 30),
(754, 7, 60),
(754, 22, 25),
(754, 46, 25),
(754, 55, 6),
(755, 13, 56),
(755, 35, 15),
(755, 42, 24),
(755, 55, 40),
(756, 1, 4),
(756, 40, 10),
(756, 52, 10),
(757, 26, 6),
(757, 76, 6),
(758, 1, 2),
(758, 59, 10),
(759, 1, 8),
(759, 29, 2),
(760, 8, 30),
(760, 29, 10),
(760, 42, 14),
(761, 28, 70),
(761, 34, 90),
(761, 71, 21),
(762, 24, 12),
(762, 36, 18),
(762, 60, 9),
(763, 7, 20),
(763, 24, 10),
(764, 58, 40),
(764, 71, 20),
(765, 19, 50),
(765, 60, 36),
(765, 71, 60),
(766, 23, 10),
(766, 42, 4),
(766, 45, 20),
(766, 68, 2),
(767, 41, 28),
(768, 30, 15),
(768, 77, 18),
(769, 31, 15),
(769, 36, 16),
(770, 3, 25),
(770, 59, 110),
(770, 70, 30),
(771, 12, 20),
(771, 18, 10),
(771, 56, 5),
(772, 46, 3),
(772, 49, 2),
(773, 10, 24),
(774, 2, 11),
(774, 20, 15),
(774, 26, 63),
(774, 51, 44),
(774, 72, 35),
(775, 19, 35),
(775, 69, 30),
(776, 7, 4),
(776, 43, 30),
(777, 26, 12),
(777, 33, 30),
(777, 65, 21),
(777, 71, 50),
(778, 1, 10),
(778, 13, 20),
(779, 18, 8),
(779, 51, 10),
(780, 24, 30),
(780, 62, 21),
(781, 55, 35),
(781, 59, 24),
(782, 56, 20),
(782, 63, 12),
(783, 2, 100),
(783, 5, 70),
(783, 29, 60),
(783, 59, 100),
(784, 1, 45),
(784, 13, 80),
(784, 24, 21),
(784, 64, 20),
(784, 71, 16),
(785, 36, 35),
(785, 38, 25),
(785, 59, 30),
(786, 53, 70),
(786, 69, 36),
(787, 21, 15),
(787, 44, 12),
(787, 61, 6),
(788, 1, 10),
(788, 35, 60),
(788, 42, 30),
(788, 54, 10),
(789, 13, 7),
(789, 59, 30),
(790, 70, 4),
(791, 40, 5),
(791, 52, 2),
(791, 71, 30),
(792, 28, 20),
(792, 35, 24),
(792, 49, 60),
(792, 57, 28),
(793, 21, 20),
(794, 2, 30),
(794, 63, 30),
(795, 44, 15),
(795, 61, 4),
(796, 11, 10),
(797, 62, 12),
(798, 33, 15),
(798, 51, 24),
(799, 12, 20),
(799, 32, 15),
(799, 35, 18),
(800, 1, 25),
(800, 5, 30),
(801, 68, 42),
(802, 2, 10),
(802, 12, 4),
(803, 76, 50),
(804, 24, 10),
(805, 43, 30),
(805, 61, 10),
(806, 18, 35),
(806, 32, 20),
(806, 64, 25),
(807, 33, 10),
(807, 67, 20),
(808, 24, 15),
(808, 25, 15),
(808, 51, 20),
(808, 57, 20),
(809, 7, 40),
(809, 55, 35),
(809, 60, 50),
(810, 70, 3),
(811, 21, 3),
(811, 60, 21),
(811, 61, 4),
(812, 13, 30),
(812, 17, 12),
(812, 60, 35),
(813, 60, 4),
(813, 77, 10),
(814, 60, 15),
(815, 53, 10),
(815, 70, 12),
(816, 34, 30),
(816, 40, 40),
(816, 41, 30),
(817, 17, 77),
(817, 41, 12),
(817, 53, 25),
(817, 55, 4),
(817, 68, 55),
(818, 30, 4),
(818, 54, 20),
(819, 16, 3),
(819, 19, 42),
(819, 34, 35),
(820, 41, 9),
(821, 28, 8),
(821, 43, 36),
(821, 77, 28),
(822, 39, 20),
(823, 1, 40),
(823, 2, 20),
(823, 16, 30),
(823, 31, 20),
(824, 7, 15),
(824, 13, 10),
(825, 2, 8),
(825, 41, 40),
(825, 50, 22),
(825, 64, 130),
(826, 11, 10),
(826, 24, 20),
(827, 16, 14),
(828, 2, 10),
(828, 46, 30),
(828, 76, 2),
(829, 6, 20),
(829, 14, 20),
(829, 19, 10),
(830, 2, 24),
(830, 3, 4),
(830, 4, 1),
(830, 6, 1),
(830, 7, 1),
(830, 8, 2),
(830, 10, 1),
(830, 12, 2),
(830, 13, 4),
(830, 14, 1),
(830, 16, 2),
(830, 20, 1),
(830, 23, 2),
(830, 32, 1),
(830, 39, 2),
(830, 41, 3),
(830, 46, 3),
(830, 52, 2),
(830, 55, 2),
(830, 60, 2),
(830, 64, 2),
(830, 66, 1),
(830, 73, 2),
(830, 75, 4),
(830, 77, 2);

-- --------------------------------------------------------

--
-- Table structure for table `kunden`
--

CREATE TABLE `kunden` (
  `KundenID` int(11) NOT NULL,
  `Firma` varchar(40) NOT NULL,
  `Kontaktperson` varchar(30) DEFAULT NULL,
  `Position` varchar(30) DEFAULT NULL,
  `Straße` varchar(60) DEFAULT NULL,
  `PLZ` varchar(10) DEFAULT NULL,
  `Ort` varchar(15) DEFAULT NULL,
  `Land` varchar(15) DEFAULT NULL,
  `Telefon` varchar(24) DEFAULT NULL,
  `email` varchar(50) DEFAULT NULL
) ENGINE=InnoDB DEFAULT CHARSET=utf8;

--
-- Dumping data for table `kunden`
--

INSERT INTO `kunden` (`KundenID`, `Firma`, `Kontaktperson`, `Position`, `Straße`, `PLZ`, `Ort`, `Land`, `Telefon`, `email`) VALUES
(1, 'Alfreds Futterkiste', 'Maria Anders', 'Vertriebsmitarbeiterin', 'Obere Str. 57', '12209', 'Berlin', 'Deutschland', '030-0074321', 'Alfreds@fiktiv.net'),
(2, 'Ana Trujillo Emparedados y helados', 'Ana Trujillo', 'Inhaberin', 'Avda. de la Constitución 2222', '05021', 'México D.F.', 'Mexiko', '(5) 555-4729', 'Ana@fiktiv.net'),
(3, 'Antonio Moreno Taquería', 'Antonio Moreno', 'Inhaber', 'Mataderos  2312', '05023', 'México D.F.', 'Mexiko', '(5) 555-3932', 'Antonio@fiktiv.net'),
(4, 'Around the Horn', 'Thomas Hardy', 'Vertriebsmitarbeiter', '120 Hanover Sq.', 'WA1 1DP', 'London', 'Großbritannien', '(71) 555-7788', 'Around@fiktiv.net'),
(5, 'Berglunds snabbköp', 'Christina Berglund', 'Einkaufsleitung', 'Berguvsvägen  8', 'S-958 22', 'Luleå', 'Schweden', '0921-12 34 65', 'Berglunds@fiktiv.net'),
(6, 'Blauer See Delikatessen', 'Hanna Moos', 'Vertriebsmitarbeiterin', 'Forsterstr. 57', '68306', 'Mannheim', 'Deutschland', '0621-08460', 'Blauer@fiktiv.net'),
(7, 'Blondel père et fils', 'Frédérique Citeaux', 'Marketingmanager', '24, place Kléber', '67000', 'Strasbourg', 'Frankreich', '88.60.15.31', 'Blondel@fiktiv.net'),
(8, 'Bólido Comidas preparadas', 'Martín Sommer', 'Inhaber', 'C/ Araquil, 67', '28023', 'Madrid', 'Spanien', '(91) 555 22 82', 'Bólido@fiktiv.net'),
(9, 'Bon app\'', 'Laurence Lebihan', 'Inhaber', '12, rue des Bouchers', '13008', 'Marseille', 'Frankreich', '91.24.45.40', 'Bon@fiktiv.net'),
(10, 'Bottom-Dollar Markets', 'Elizabeth Lincoln', 'Buchhalterin', '23 Tsawassen Blvd.', 'T2F 8M4', 'Tsawassen', 'Kanada', '(604) 555-4729', 'Bottom-Dollar@fiktiv.net'),
(11, 'B\'s Beverages', 'Victoria Ashworth', 'Vertriebsmitarbeiterin', 'Fauntleroy Circus', 'EC2 5NT', 'London', 'Großbritannien', '(71) 555-1212', 'B\'s@fiktiv.net'),
(12, 'Cactus Comidas para llevar', 'Patricio Simpson', 'Vertriebsagent', 'Cerrito 333', '1010', 'Buenos Aires', 'Argentinien', '(1) 135-5555', 'Cactus@fiktiv.net'),
(13, 'Centro comercial Moctezuma', 'Francisco Chang', 'Marketingmanager', 'Sierras de Granada 9993', '05022', 'México D.F.', 'Mexiko', '(5) 555-3392', 'Centro@fiktiv.net'),
(14, 'Chop-suey Chinese', 'Yang Wang', 'Inhaber', 'Hauptstr. 29', '3012', 'Bern', 'Schweiz', '0452-076545', 'Chop-suey@fiktiv.net'),
(15, 'Comércio Mineiro', 'Pedro Afonso', 'Vertriebsassistent', 'Av. dos Lusíadas, 23', '05432-043', 'São Paulo', 'Brasilien', '(11) 555-7647', 'Comércio@fiktiv.net'),
(16, 'Consolidated Holdings', 'Elizabeth Brown', 'Vertriebsmitarbeiterin', 'Berkeley Gardens\r\n12  Brewery ', 'WX1 6LT', 'London', 'Großbritannien', '(71) 555-2282', 'Consolidated@fiktiv.net'),
(17, 'Drachenblut Delikatessen', 'Sven Ottlieb', 'Einkaufsleitung', 'Walserweg 21', '52066', 'Aachen', 'Deutschland', '0241-039123', 'Drachenblut@fiktiv.net'),
(18, 'Du monde entier', 'Janine Labrune', 'Inhaberin', '67, rue des Cinquante Otages', '44000', 'Nantes', 'Frankreich', '40.67.88.88', 'Du@fiktiv.net'),
(19, 'Eastern Connection', 'Ann Devon', 'Vertriebsagent', '35 King George', 'WX3 6FW', 'London', 'Großbritannien', '(71) 555-0297', 'Eastern@fiktiv.net'),
(20, 'Ernst Handel', 'Roland Mendel', 'Vertriebsmanager', 'Kirchgasse 6', '8010', 'Graz', 'Österreich', '7675-3425', 'Ernst@fiktiv.net'),
(21, 'Familia Arquibaldo', 'Aria Cruz', 'Marketingassistentin', 'Rua Orós, 92', '05442-030', 'São Paulo', 'Brasilien', '(11) 555-9857', 'Familia@fiktiv.net'),
(22, 'FISSA Fabrica Inter. Salchichas S.A.', 'Diego Roel', 'Buchhalter', 'C/ Moralzarzal, 86', '28034', 'Madrid', 'Spanien', '(91) 555 94 44', 'FISSA@fiktiv.net'),
(23, 'Folies gourmandes', 'Martine Rancé', 'Vertriebsagentassistent', '184, chaussée de Tournai', '59000', 'Lille', 'Frankreich', '20.16.10.16', 'Folies@fiktiv.net'),
(24, 'Folk och fä HB', 'Maria Larsson', 'Inhaberin', 'Åkergatan 24', 'S-844 67', 'Bräcke', 'Schweden', '0695-34 67 21', 'Folk@fiktiv.net'),
(25, 'Frankenversand', 'Peter Franken', 'Marketingmanager', 'Berliner Platz 43', '80805', 'München', 'Deutschland', '089-0877310', 'Frankenversand@fiktiv'),
(26, 'France restauration', 'Carine Schmitt', 'Marketingmanager', '54, rue Royale', '44000', 'Nantes', 'Frankreich', '40.32.21.21', 'France@fiktiv.net'),
(27, 'Franchi S.p.A.', 'Paolo Accorti', 'Vertriebsmitarbeiterin', 'Via Monte Bianco 34', '10100', 'Torino', 'Italien', '011-4988260', 'Franchi@fiktiv.net'),
(28, 'Furia Bacalhau e Frutos do Mar', 'Lino Rodriguez ', 'Vertriebsmanager', 'Jardim das rosas n. 32', '1675', 'Lisboa', 'Portugal', '(1) 354-2534', 'Furia@fiktiv.net'),
(29, 'Galería del gastrónomo', 'Eduardo Saavedra', 'Marketingmanager', 'Rambla de Cataluña, 23', '08022', 'Barcelona', 'Spanien', '(93) 203 4560', 'Galería@fiktiv.net'),
(30, 'Godos Cocina Típica', 'José Pedro Freyre', 'Vertriebsmanager', 'C/ Romero, 33', '41101', 'Sevilla', 'Spanien', '(95) 555 82 82', 'Godos@fiktiv.net'),
(31, 'Gourmet Lanchonetes', 'André Fonseca', 'Vertriebsassistent', 'Av. Brasil, 442', '04876-786', 'Campinas', 'Brasilien', '(11) 555-9482', 'Gourmet@fiktiv.net'),
(32, 'Great Lakes Food Market', 'Howard Snyder', 'Marketingmanager', '2732 Baker Blvd.', '97403', 'Eugene', 'USA', '(503) 555-7555', 'Great@fiktiv.net'),
(33, 'GROSELLA-Restaurante', 'Manuel Pereira', 'Inhaber', '5ª Ave. Los Palos Grandes', '1081', 'Caracas', 'Venezuela', '(2) 283-2951', 'GROSELLA-Restaurante@fiktiv'),
(34, 'Hanari Carnes', 'Mario Pontes', 'Buchhalter', 'Rua do Paço, 67', '05454-876', 'Rio de Janeiro', 'Brasilien', '(21) 555-0091', 'Hanari@fiktiv.net'),
(35, 'HILARIÓN-Abastos', 'Carlos Hernández', 'Vertriebsmitarbeiter', 'Carrera 22 con Ave. Carlos Soublette #8-35', '5022', 'San Cristóbal', 'Venezuela', '(5) 555-1340', 'HILARIÓN-Abastos@fiktiv'),
(36, 'Hungry Coyote Import Store', 'Yoshi Latimer', 'Vertriebsmitarbeiter', 'City Center Plaza\r\n516 Main St.', '97827', 'Elgin', 'USA', '(503) 555-6874', 'Hungry@fiktiv.net'),
(37, 'Hungry Owl All-Night Grocers', 'Patricia McKenna', 'Vertriebsassistentin', '8 Johnstown Road', NULL, 'Cork', 'Irland', '2967 542', 'Hungry@fiktiv.net'),
(38, 'Island Trading', 'Helen Bennett', 'Marketingmanager', 'Garden House\r\nCrowther Way', 'LA9 PX8', 'Hedge End', 'Großbritannien', '(24) 555-8888', 'Island@fiktiv.net'),
(39, 'Königlich Essen', 'Philip Cramer', 'Vertriebsassistent', 'Maubelstr. 90', '14776', 'Brandenburg', 'Deutschland', '0555-09876', 'Königlich@fiktiv.net'),
(40, 'La corne d\'abondance', 'Daniel Tonini', 'Vertriebsmitarbeiter', '67, avenue de l\'Europe', '78000', 'Versailles', 'Frankreich', '30.59.84.10', 'La@fiktiv.net'),
(41, 'La maison d\'Asie', 'Annette Roulet', 'Vertriebsmanager', '1 rue Alsace-Lorraine', '31000', 'Toulouse', 'Frankreich', '61.77.61.10', 'La@fiktiv.net'),
(42, 'Laughing Bacchus Wine Cellars', 'Yoshi Tannamuri', 'Marketingassistent', '1900 Oak St.', 'V3F 2K1', 'Vancouver', 'Kanada', '(604) 555-3392', 'Laughing@fiktiv.net'),
(43, 'Lazy K Kountry Store', 'John Steel', 'Marketingmanager', '12 Orchestra Terrace', '99362', 'Walla Walla', 'USA', '(509) 555-7969', 'Lazy@fiktiv.net'),
(44, 'Lehmanns Marktstand', 'Renate Messner', 'Vertriebsmitarbeiterin', 'Magazinweg 7', '60528', 'Frankfurt a.M. ', 'Deutschland', '069-0245984', 'Lehmanns@fiktiv.net'),
(45, 'Let\'s Stop N Shop', 'Jaime Yorres', 'Inhaber', '87 Polk St.\r\nSuite 5', '94117', 'San Francisco', 'USA', '(415) 555-5938', 'Let\'s@fiktiv.net'),
(46, 'LILA-Supermercado', 'Carlos González', 'Buchhalter', 'Carrera 52 con Ave. Bolívar #65-98 Llano Largo', '3508', 'Barquisimeto', 'Venezuela', '(9) 331-6954', 'LILA-Supermercado@fiktiv'),
(47, 'LINO-Delicateses', 'Felipe Izquierdo', 'Inhaber', 'Ave. 5 de Mayo Porlamar', '4980', 'I. de Margarita', 'Venezuela', '(8) 34-56-12', 'LINO-Delicateses@fiktiv'),
(48, 'Lonesome Pine Restaurant', 'Fran Wilson', 'Vertriebsmanager', '89 Chiaroscuro Rd.', '97219', 'Portland', 'USA', '(503) 555-9573', 'Lonesome@fiktiv.net'),
(49, 'Magazzini Alimentari Riuniti', 'Giovanni Rovelli', 'Marketingmanager', 'Via Ludovico il Moro 22', '24100', 'Bergamo', 'Italien', '035-640230', 'Magazzini@fiktiv.net'),
(50, 'Maison Dewey', 'Catherine Dewey', 'Vertriebsagent', 'Rue Joseph-Bens 532', 'B-1180', 'Bruxelles', 'Belgien', '(02) 201 24 67', 'Maison@fiktiv.net'),
(51, 'Mère Paillarde', 'Jean Fresnière', 'Marketingassistent', '43 rue St. Laurent', 'H1J 1C3', 'Montréal', 'Kanada', '(514) 555-8054', 'Mère@fiktiv.net'),
(52, 'Morgenstern Gesundkost', 'Alexander Feuer', 'Marketingassistent', 'Heerstr. 22', '04179', 'Leipzig', 'Deutschland', '0342-023176', 'Morgenstern@fiktiv.net'),
(53, 'North/South', 'Simon Crowther', 'Vertriebsassistent', 'South House\r\n300 Queensbridge', 'SW7 1RZ', 'London', 'Großbritannien', '(71) 555-7733', 'North/South@fiktiv'),
(54, 'Océano Atlántico Ltda.', 'Yvonne Moncada', 'Vertriebsagentin', 'Ing. Gustavo Moncada 8585\r\nPiso 20-A', '1010', 'Buenos Aires', 'Argentinien', '(1) 135-5333', 'Océano@fiktiv.net'),
(55, 'Old World Delicatessen', 'Rene Phillips', 'Vertriebsmitarbeiter', '2743 Bering St.', '99508', 'Anchorage', 'USA', '(907) 555-7584', 'Old@fiktiv.net'),
(56, 'Ottilies Käseladen', 'Henriette Pfalzheim', 'Inhaberin', 'Mehrheimerstr. 369', '50739', 'Köln', 'Deutschland', '0221-0644327', 'Ottilies@fiktiv.net'),
(57, 'Paris spécialités ', 'Marie Bertrand', 'Inhaberin', '265, boulevard Charonne', '75012', 'Paris', 'Frankreich', '(1) 42.34.22.66', 'Paris@fiktiv.net'),
(58, 'Pericles Comidas clásicas', 'Guillermo Fernández', 'Vertriebsmitarbeiter', 'Calle Dr. Jorge Cash 321', '05033', 'México D.F.', 'Mexiko', '(5) 552-3745', 'Pericles@fiktiv.net'),
(59, 'Piccolo und mehr', 'Georg Pipps', 'Vertriebsmanager', 'Geislweg 14', '5020', 'Salzburg', 'Österreich', '6562-9722', 'Piccolo@fiktiv.net'),
(60, 'Princesa Isabel Vinhos', 'Isabel de Castro', 'Vertriebsmitarbeiterin', 'Estrada da saúde n. 58', '1756', 'Lisboa', 'Portugal', '(1) 356-5634', 'Princesa@fiktiv.net'),
(61, 'Que Delícia', 'Bernardo Batista', 'Buchhalter', 'Rua da Panificadora, 12', '02389-673', 'Rio de Janeiro', 'Brasilien', '(21) 555-4252', 'Que@fiktiv.net'),
(62, 'Queen Cozinha', 'Lúcia Carvalho', 'Marketingassistentin', 'Alameda dos Canàrios, 891', '05487-020', 'São Paulo', 'Brasilien', '(11) 555-1189', 'Queen@fiktiv.net'),
(63, 'QUICK-Stop', 'Horst Kloss', 'Buchhalter', 'Taucherstraße 10', '01307', 'Cunewalde', 'Deutschland', '0372-035188', 'QUICK-Stop@fiktiv'),
(64, 'Rancho grande', 'Sergio Gutiérrez', 'Vertriebsmitarbeiter', 'Av. del Libertador 900', '1010', 'Buenos Aires', 'Argentinien', '(1) 123-5555', 'Rancho@fiktiv.net'),
(65, 'Rattlesnake Canyon Grocery', 'Paula Wilson', 'Vertriebsassistentin', '2817 Milton Dr.', '87110', 'Albuquerque', 'USA', '(505) 555-5939', 'Rattlesnake@fiktiv.net'),
(66, 'Reggiani Caseifici', 'Maurizio Moroni', 'Vertriebsassistent', 'Strada Provinciale 124', '42100', 'Reggio Emilia', 'Italien', '0522-556721', 'Reggiani@fiktiv.net'),
(67, 'Ricardo Adocicados', 'Janete Limeira', 'Vertriebsagentassistentin', 'Av. Copacabana, 267', '02389-890', 'Rio de Janeiro', 'Brasilien', '(21) 555-3412', 'Ricardo@fiktiv.net'),
(68, 'Richter Supermarkt', 'Michael Holz', 'Vertriebsmanager', 'Grenzacherweg 237', '1203', 'Genève', 'Schweiz', '0897-034214', 'Richter@fiktiv.net'),
(69, 'Romero y tomillo', 'Alejandra Camino', 'Buchhalterin', 'Gran Vía, 1', '28001', 'Madrid', 'Spanien', '(91) 745 6200', 'Romero@fiktiv.net'),
(70, 'Santé Gourmet', 'Jonas Bergulfsen', 'Inhaber', 'Erling Skakkes gate 78', '4110', 'Stavern', 'Norwegen', '07-98 92 35', 'Santé@fiktiv.net'),
(71, 'Save-a-lot Markets', 'Jose Pavarotti', 'Vertriebsmitarbeiter', '187 Suffolk Ln.', '83720', 'Boise', 'USA', '(208) 555-8097', 'Save-a-lot@fiktiv.net'),
(72, 'Seven Seas Imports', 'Hari Kumar', 'Vertriebsmanager', '90 Wadhurst Rd.', 'OX15 4NB', 'London', 'Großbritannien', '(71) 555-1717', 'Seven@fiktiv.net'),
(73, 'Simons bistro', 'Jytte Petersen', 'Inhaberin', 'Vinbæltet 34', '1734', 'København', 'Dänemark', '31 12 34 56', 'Simons@fiktiv.net'),
(74, 'Spécialités du monde', 'Dominique Perrier', 'Marketingmanager', '25, rue Lauriston', '75016', 'Paris', 'Frankreich', '(1) 47.55.60.10', 'Spécialités@fiktiv.net'),
(75, 'Split Rail Beer & Ale', 'Art Braunschweiger', 'Vertriebsmanager', 'P.O. Box 555', '82520', 'Lander', 'USA', '(307) 555-4680', 'Split@fiktiv.net'),
(76, 'Suprêmes délices', 'Pascale Cartrain', 'Buchhalterin', 'Boulevard Tirou, 255', 'B-6000', 'Charleroi', 'Belgien', '(071) 23 67 22 20', 'Suprêmes@fiktiv.net'),
(77, 'The Big Cheese', 'Liz Nixon', 'Marketingmanager', '89 Jefferson Way\r\nSuite 2', '97201', 'Portland', 'USA', '(503) 555-3612', 'The@fiktiv.net'),
(78, 'The Cracker Box', 'Liu Wong', 'Marketingassistent', '55 Grizzly Peak Rd.', '59801', 'Butte', 'USA', '(406) 555-5834', 'The@fiktiv.net'),
(79, 'Toms Spezialitäten', 'Karin Josephs', 'Marketingmanager', 'Luisenstr. 48', '44087', 'Münster', 'Deutschland', '0251-031259', 'Toms@fiktiv.net'),
(80, 'Tortuga Restaurante', 'Miguel Angel Paolino', 'Inhaber', 'Avda. Azteca 123', '05033', 'México D.F.', 'Mexiko', '(5) 555-2933', 'Tortuga@fiktiv.net'),
(81, 'Tradição Hipermercados', 'Anabela Domingues', 'Vertriebsmitarbeiterin', 'Av. Inês de Castro, 414', '05634-030', 'São Paulo', 'Brasilien', '(11) 555-2167', 'Tradição@fiktiv.net'),
(82, 'Trail\'s Head Gourmet Provisioners', 'Helvetius Nagy', 'Vertriebsassistent', '722 DaVinci Blvd.', '98034', 'Kirkland', 'USA', '(206) 555-8257', 'Trail\'s@fiktiv.net'),
(83, 'Vaffeljernet', 'Palle Ibsen', 'Vertriebsmanager', 'Smagsløget 45', '8200', 'Århus', 'Dänemark', '86 21 32 43', 'Vaffeljernet@fiktiv'),
(84, 'Victuailles en stock', 'Mary Saveley', 'Vertriebsagent', '2, rue du Commerce', '69004', 'Lyon', 'Frankreich', '78.32.54.86', 'Victuailles@fiktiv.net'),
(85, 'Vins et alcools Chevalier', 'Paul Henriot', 'Buchhalter', '59 rue de l\'Abbaye', '51100', 'Reims', 'Frankreich', '26.47.15.10', 'Vins@fiktiv.net'),
(86, 'Die Wandernde Kuh', 'Rita Müller', 'Vertriebsmitarbeiterin', 'Adenauerallee 900', '70563', 'Stuttgart', 'Deutschland', '0711-020361', 'Die@fiktiv.net'),
(87, 'Wartian Herkku', 'Pirkko Koskitalo', 'Buchhalterin', 'Torikatu 38', '90110', 'Oulu', 'Finnland', '981-443655', 'Wartian@fiktiv.net'),
(88, 'Wellington Importadora', 'Paula Parente', 'Vertriebsmanager', 'Rua do Mercado, 12', '08737-363', 'Resende', 'Brasilien', '(14) 555-8122', 'Wellington@fiktiv.net'),
(89, 'White Clover Markets', 'Karl Jablonski', 'Inhaber', '305 - 14th Ave. S.\r\nSuite 3B', '98128', 'Seattle', 'USA', '(206) 555-4112', 'White@fiktiv.net'),
(90, 'Wilman Kala', 'Matti Karttunen', 'Inhaber/Marketingassistent', 'Keskuskatu 45', '21240', 'Helsinki', 'Finnland', '90-224 8858', 'Wilman@fiktiv.net'),
(91, 'Wolski  Zajazd', 'Zbyszek Piestrzeniewicz', 'Inhaber', 'ul. Filtrowa 68', '01-012', 'Warszawa', 'Polen', '(26) 642-7012', 'Wolski@fiktiv.net'),
(92, 'Das Futterhaus', NULL, NULL, 'Hafengasse 23', '20093', 'Hamburg', NULL, NULL, NULL);

-- --------------------------------------------------------

--
-- Table structure for table `lieferanten`
--

CREATE TABLE `lieferanten` (
  `LieferantenID` int(11) NOT NULL,
  `Firma` varchar(40) NOT NULL,
  `Kontaktperson` varchar(30) DEFAULT NULL,
  `Position` varchar(30) DEFAULT NULL,
  `Straße` varchar(60) DEFAULT NULL,
  `PLZ` varchar(10) DEFAULT NULL,
  `Ort` varchar(15) DEFAULT NULL,
  `Land` varchar(15) DEFAULT NULL,
  `Telefon` varchar(24) DEFAULT NULL,
  `email` varchar(50) DEFAULT NULL
) ENGINE=InnoDB DEFAULT CHARSET=utf8;

--
-- Dumping data for table `lieferanten`
--

INSERT INTO `lieferanten` (`LieferantenID`, `Firma`, `Kontaktperson`, `Position`, `Straße`, `PLZ`, `Ort`, `Land`, `Telefon`, `email`) VALUES
(1, 'Exotic Liquids', 'Charlotte Cooper', 'Einkaufsmanager', '49 Gilbert St.', 'EC1 4SD', 'London', 'Großbritannien', '(71) 555-2222', 'Exotic@fiktiv.net'),
(2, 'New Orleans Cajun Delights', 'Shelley Burke', 'Bestellungen-Sachbearbeiterin', 'P.O. Box 78934', '70117', 'New Orleans', 'USA', '(100) 555-4822', 'New@fiktiv.net'),
(3, 'Grandma Kelly\'s Homestead', 'Regina Murphy', 'Vertriebsmitarbeiterin', '707 Oxford Rd.', '48104', 'Ann Arbor', 'USA', '(313) 555-5735', 'Grandma@fiktiv.net'),
(4, 'Tokyo Traders', 'Yoshi Nagase', 'Marketingmanager', '9-8 Sekimai\r\nMusashino-shi', '100', 'Tokyo', 'Japan', '(03) 3555-5011', 'Tokyo@fiktiv.net'),
(5, 'Cooperativa de Quesos \'Las Cabras\'', 'Antonio del Valle Saavedra ', 'Exportadministrator', 'Calle del Rosal 4', '33007', 'Oviedo', 'Spanien', '(98) 598 76 54', 'Cooperativa@fiktiv.net'),
(6, 'Mayumi\'s', 'Mayumi Ohno', 'Marketingrepräsentant', '92 Setsuko\r\nChuo-ku', '545', 'Osaka', 'Japan', '(06) 431-7877', 'Mayumi\'s@fiktiv'),
(7, 'Pavlova, Ltd.', 'Ian Devling', 'Marketingmanager', '74 Rose St.\r\nMoonie Ponds', '3058', 'Melbourne', 'Australien', '(03) 444-2343', 'Pavlova,@fiktiv.net'),
(8, 'Specialty Biscuits, Ltd.', 'Peter Wilson', 'Vertriebsmitarbeiter', '29 King\'s Way', 'M14 GSD', 'Manchester', 'Großbritannien', '(26) 555-4448', 'Specialty@fiktiv.net'),
(9, 'PB Knäckebröd AB', 'Lars Peterson', 'Vertriebsagent', 'Kaloadagatan 13', 'S-345 67', 'Göteborg', 'Schweden', '031-987 65 43', 'PB@fiktiv.net'),
(10, 'Refrescos Americanas LTDA', 'Carlos Diaz', 'Marketingmanager', 'Av. das Americanas 12.890', '5442', 'São Paulo', 'Brasilien', '(11) 555 4640', 'Refrescos@fiktiv.net'),
(11, 'Heli Süßwaren GmbH & Co. KG', 'Petra Winkler', 'Vertriebsmanager', 'Tiergartenstraße 5', '10785', 'Berlin', 'Deutschland', '(010) 9984510', 'Heli@fiktiv.net'),
(12, 'Plutzer Lebensmittelgroßmärkte AG', 'Martin Bein', 'Marketingmanager International', 'Bogenallee 51', '60439', 'Frankfurt', 'Deutschland', '(069) 992755', 'Plutzer@fiktiv.net'),
(13, 'Nord-Ost-Fisch Handelsgesellschaft mbH', 'Sven Petersen', 'Koordinator Auslandsmärkte', 'Frahmredder 112a', '27478', 'Cuxhaven', 'Deutschland', '(04721) 8713', 'Nord-Ost-Fisch@fiktiv.net'),
(14, 'Formaggi Fortini s.r.l.', 'Elio Rossi', 'Vertriebsmitarbeiter', 'Viale Dante, 75', '48100', 'Ravenna', 'Italien', '(0544) 60323', 'Formaggi@fiktiv.net'),
(15, 'Norske Meierier', 'Beate Vileid', 'Marketingmanager', 'Hatlevegen 5', '1320', 'Sandvika', 'Norwegen', '(0)2-953010', 'Norske@fiktiv.net'),
(16, 'Bigfoot Breweries', 'Cheryl Saylor', 'Regionalvertreterin', '3400 - 8th Avenue\r\nSuite 210', '97101', 'Bend', 'USA', '(503) 555-9931', 'Bigfoot@fiktiv.net'),
(17, 'Svensk Sjöföda AB', 'Michael Björn', 'Vertriebsmitarbeiter', 'Brovallavägen 231', 'S-123 45', 'Stockholm', 'Schweden', '08-123 45 67', 'Svensk@fiktiv.net'),
(18, 'Aux joyeux ecclésiastiques', 'Guylène Nodier', 'Vertriebsmanager', '203, Rue des Francs-Bourgeois', '75004', 'Paris', 'Frankreich', '(1) 03.83.00.68', 'Aux@fiktiv.net'),
(19, 'New England Seafood Cannery', 'Robb Merchant', 'Großhandelsvertreter', 'Order Processing Dept.\r\n2100 Paul Revere Blvd.', '02134', 'Boston', 'USA', '(617) 555-3267', 'New@fiktiv.net'),
(20, 'Leka Trading', 'Chandra Leka', 'Inhaberin', '471 Serangoon Loop, Suite #402', '0512', 'Singapore', 'Singapur', '555-8787', 'Leka@fiktiv.net'),
(21, 'Lyngbysild', 'Niels Petersen', 'Vertriebsmanager', 'Lyngbysild\r\nFiskebakken 10', '2800', 'Lyngby', 'Dänemark', '43844108', 'Lyngbysild@fiktiv'),
(22, 'Zaanse Snoepfabriek', 'Dirk Luchte', 'Buchhaltung-Sachbearbeiter', 'Verkoop\r\nRijnweg 22', '9999 ZZ', 'Zaandam', 'Niederlande', '(12345) 1212', 'Zaanse@fiktiv.net'),
(23, 'Karkki Oy', 'Anne Heikkonen', 'Produktmanager', 'Valtakatu 12', '53120', 'Lappeenranta', 'Finnland', '(953) 10956', 'Karkki@fiktiv.net'),
(24, 'G\'day, Mate', 'Wendy Mackenzie', 'Vertriebsmitarbeiterin', '170 Prince Edward Parade\r\nHunter\'s Hill', '2042', 'Sydney', 'Australien', '(02) 555-5914', 'G\'day,@fiktiv.net'),
(25, 'Ma Maison', 'Jean-Guy Lauzon', 'Marketingmanager', '2960 Rue St. Laurent', 'H1J 1C3', 'Montréal', 'Kanada', '(514) 555-9022', 'Ma@fiktiv.net'),
(26, 'Pasta Buttini s.r.l.', 'Giovanni Giudici', 'Bestellungen-Sachbearbeiter', 'Via dei Gelsomini, 153', '84100', 'Salerno', 'Italien', '(089) 6547665', 'Pasta@fiktiv.net'),
(27, 'Escargots Nouveaux', 'Marie Delamare', 'Vertriebsmanager', '22, rue H. Voiron', '71300', 'Montceau', 'Frankreich', '85.57.00.07', 'Escargots@fiktiv.net'),
(28, 'Gai pâturage', 'Eliane Noz', 'Vertriebsmitarbeiterin', 'Bat. B\r\n3, rue des Alpes', '74000', 'Annecy', 'Frankreich', '38.76.98.06', 'Gai@fiktiv.net'),
(29, 'Forêts d\'érables', 'Chantal Goulet', 'Buchhaltung-Sachbearbeiterin', '148 rue Chasseur', 'J2S 7S8', 'Ste-Hyacinthe', 'Kanada', '(514) 555-2955', 'Forêts@fiktiv.net');

-- --------------------------------------------------------

--
-- Table structure for table `versender`
--

CREATE TABLE `versender` (
  `VersID` int(11) NOT NULL,
  `Firma` varchar(30) NOT NULL,
  `Telefon` varchar(20) DEFAULT NULL
) ENGINE=InnoDB DEFAULT CHARSET=utf8mb4;

--
-- Indexes for dumped tables
--

--
-- Indexes for table `artikel`
--
ALTER TABLE `artikel`
  ADD PRIMARY KEY (`ArtikelID`),
  ADD KEY `fk_artikelkategorien` (`KategorieNr`),
  ADD KEY `fk_lieferanten` (`LieferantenNr`);

--
-- Indexes for table `artikelkategorien`
--
ALTER TABLE `artikelkategorien`
  ADD PRIMARY KEY (`KategorieID`),
  ADD UNIQUE KEY `Kategoriename` (`Kategoriename`);

--
-- Indexes for table `bestellungen`
--
ALTER TABLE `bestellungen`
  ADD PRIMARY KEY (`BestellID`),
  ADD KEY `BestellID` (`BestellID`),
  ADD KEY `fk_kunden` (`KundenNr`);

--
-- Indexes for table `bestellungendetails`
--
ALTER TABLE `bestellungendetails`
  ADD PRIMARY KEY (`BestellNr`,`ArtikelNr`),
  ADD KEY `ArtikelNr` (`ArtikelNr`),
  ADD KEY `BestellNr` (`BestellNr`);

--
-- Indexes for table `kunden`
--
ALTER TABLE `kunden`
  ADD PRIMARY KEY (`KundenID`),
  ADD KEY `Firma` (`Firma`),
  ADD KEY `Ort` (`Ort`),
  ADD KEY `PLZ` (`PLZ`);

--
-- Indexes for table `lieferanten`
--
ALTER TABLE `lieferanten`
  ADD PRIMARY KEY (`LieferantenID`),
  ADD KEY `Firma` (`Firma`),
  ADD KEY `PLZ` (`PLZ`);

--
-- Indexes for table `versender`
--
ALTER TABLE `versender`
  ADD PRIMARY KEY (`VersID`);

--
-- AUTO_INCREMENT for dumped tables
--

--
-- AUTO_INCREMENT for table `artikel`
--
ALTER TABLE `artikel`
  MODIFY `ArtikelID` int(11) NOT NULL AUTO_INCREMENT, AUTO_INCREMENT=79;

--
-- AUTO_INCREMENT for table `artikelkategorien`
--
ALTER TABLE `artikelkategorien`
  MODIFY `KategorieID` int(11) NOT NULL AUTO_INCREMENT, AUTO_INCREMENT=16;

--
-- AUTO_INCREMENT for table `bestellungen`
--
ALTER TABLE `bestellungen`
  MODIFY `BestellID` int(11) NOT NULL AUTO_INCREMENT, AUTO_INCREMENT=831;

--
-- AUTO_INCREMENT for table `kunden`
--
ALTER TABLE `kunden`
  MODIFY `KundenID` int(11) NOT NULL AUTO_INCREMENT, AUTO_INCREMENT=93;

--
-- AUTO_INCREMENT for table `lieferanten`
--
ALTER TABLE `lieferanten`
  MODIFY `LieferantenID` int(11) NOT NULL AUTO_INCREMENT, AUTO_INCREMENT=30;

--
-- Constraints for dumped tables
--

--
-- Constraints for table `artikel`
--
ALTER TABLE `artikel`
  ADD CONSTRAINT `fk_artikelkategorien` FOREIGN KEY (`KategorieNr`) REFERENCES `artikelkategorien` (`KategorieID`),
  ADD CONSTRAINT `fk_lieferanten` FOREIGN KEY (`LieferantenNr`) REFERENCES `lieferanten` (`LieferantenID`);

--
-- Constraints for table `bestellungen`
--
ALTER TABLE `bestellungen`
  ADD CONSTRAINT `fk_kunden` FOREIGN KEY (`KundenNr`) REFERENCES `kunden` (`KundenID`);

--
-- Constraints for table `bestellungendetails`
--
ALTER TABLE `bestellungendetails`
  ADD CONSTRAINT `fk_artikel` FOREIGN KEY (`ArtikelNr`) REFERENCES `artikel` (`ArtikelID`),
  ADD CONSTRAINT `fk_bestellungen` FOREIGN KEY (`BestellNr`) REFERENCES `bestellungen` (`BestellID`);
COMMIT;

/*!40101 SET CHARACTER_SET_CLIENT=@OLD_CHARACTER_SET_CLIENT */;
/*!40101 SET CHARACTER_SET_RESULTS=@OLD_CHARACTER_SET_RESULTS */;
/*!40101 SET COLLATION_CONNECTION=@OLD_COLLATION_CONNECTION */;
